"Date","Price","Open","High","Low","Vol.","Change %"
"Feb 27, 2025","69.18","68.78","69.18","68.63","0.68K","0.81%"
"Feb 26, 2025","68.63","69.22","69.28","68.38","4.13K","-0.44%"
"Feb 25, 2025","68.93","70.95","71.25","68.70","4.27K","-2.51%"
"Feb 24, 2025","70.70","70.00","70.95","69.88","4.19K","0.43%"
"Feb 21, 2025","70.40","72.60","72.75","70.20","4.77K","-2.86%"
"Feb 20, 2025","72.47","72.10","73.15","71.72","3.84K","0.31%"
"Feb 19, 2025","72.25","71.82","73.00","71.70","0.36K","0.56%"
"Feb 18, 2025","71.85","70.70","72.05","70.15","1.80K","1.55%"
"Feb 14, 2025","70.75","71.60","72.03","70.53","3.67K","-0.77%"
"Feb 13, 2025","71.30","71.25","71.57","70.20","3.77K","-0.11%"
"Feb 12, 2025","71.38","73.18","73.22","71.18","5.55K","-2.66%"
"Feb 11, 2025","73.32","72.43","73.65","72.32","4.07K","1.38%"
"Feb 10, 2025","72.32","71.05","72.55","70.82","3.65K","1.87%"
"Feb 07, 2025","71.00","70.50","71.43","70.45","3.93K","0.57%"
"Feb 06, 2025","70.60","71.07","71.85","70.43","5.64K","-0.60%"
"Feb 05, 2025","71.03","72.65","72.97","70.97","4.84K","-2.30%"
"Feb 04, 2025","72.70","72.35","73.32","70.68","10.77K","-0.62%"
"Feb 03, 2025","73.15","74.10","75.15","72.07","10.77K","0.86%"
"Jan 31, 2025","72.53","73.15","73.82","71.93","8.12K","-0.28%"
"Jan 30, 2025","72.72","72.95","73.82","72.03","6.60K","0.14%"
"Jan 29, 2025","72.63","73.90","74.10","72.15","5.23K","-1.56%"
"Jan 28, 2025","73.78","72.80","74.30","72.80","6.21K","0.82%"
"Jan 27, 2025","73.18","74.47","75.15","72.40","6.05K","-1.98%"
"Jan 24, 2025","74.65","74.32","75.22","74.03","5.41K","0.03%"
"Jan 23, 2025","74.63","75.45","75.97","74.15","7.21K","-1.09%"
"Jan 22, 2025","75.45","75.88","76.47","75.30","6.59K","-0.49%"
"Jan 21, 2025","75.82","77.60","77.82","75.07","13.20K","-2.64%"
"Jan 17, 2025","77.88","78.82","79.35","77.80","0.32K","-1.01%"
"Jan 16, 2025","78.68","80.63","80.75","77.88","1.98K","-1.72%"
"Jan 15, 2025","80.05","77.97","80.78","77.25","6.88K","3.29%"
"Jan 14, 2025","77.50","78.80","79.07","77.40","8.20K","-1.68%"
"Jan 13, 2025","78.82","76.57","79.28","76.57","8.13K","2.94%"
"Jan 10, 2025","76.57","74.22","77.82","74.03","8.93K","3.58%"
"Jan 09, 2025","73.93","73.28","74.32","72.85","4.12K","0.82%"
"Jan 08, 2025","73.32","74.47","75.28","73.15","4.62K","-1.25%"
"Jan 07, 2025","74.25","73.40","74.53","73.10","4.19K","0.95%"
"Jan 06, 2025","73.55","73.97","75.00","73.20","5.07K","-0.54%"
"Jan 03, 2025","73.95","73.13","74.35","72.72","4.31K","1.13%"
"Jan 02, 2025","73.13","71.88","73.70","71.80","4.94K","1.95%"
"Dec 31, 2024","71.72","71.13","72.00","70.88","2.89K","1.02%"
"Dec 30, 2024","71.00","70.32","71.55","70.13","3.91K","0.57%"
"Dec 27, 2024","70.60","69.60","70.75","69.45","3.16K","1.40%"
"Dec 26, 2024","69.63","70.32","70.72","69.32","2.85K","-0.68%"
"Dec 24, 2024","70.10","69.50","70.40","69.38","2.50K","1.23%"
"Dec 23, 2024","69.25","69.55","69.95","68.60","4.01K","-0.29%"
"Dec 20, 2024","69.45","69.20","69.82","68.45","4.76K","0.11%"
"Dec 19, 2024","69.38","69.50","70.57","69.10","5.12K","-1.71%"
"Dec 18, 2024","70.58","70.25","71.13","70.10","0.17K","0.72%"
"Dec 17, 2024","70.07","70.63","70.93","69.20","1.10K","-0.88%"
"Dec 16, 2024","70.70","71.32","71.38","70.38","3.17K","-0.84%"
"Dec 13, 2024","71.30","69.97","71.40","69.90","3.89K","1.82%"
"Dec 12, 2024","70.03","70.40","70.72","69.15","5.48K","-0.39%"
"Dec 11, 2024","70.30","68.45","70.55","68.45","4.13K","2.48%"
"Dec 10, 2024","68.60","68.13","69.07","67.72","4.66K","0.33%"
"Dec 09, 2024","68.38","67.10","68.88","67.05","4.28K","1.75%"
"Dec 06, 2024","67.20","68.43","68.50","67.00","3.89K","-1.61%"
"Dec 05, 2024","68.30","68.70","69.18","68.00","6.66K","-0.36%"
"Dec 04, 2024","68.55","69.93","70.53","68.50","5.24K","-2.00%"
"Dec 03, 2024","69.95","68.13","70.22","67.93","5.27K","2.72%"
"Dec 02, 2024","68.10","68.18","69.13","67.68","5.45K","0.15%"
"Nov 29, 2024","68.00","68.72","69.70","67.88","8.17K","-1.05%"
"Nov 27, 2024","68.72","68.90","69.35","68.15","4.61K","-0.07%"
"Nov 26, 2024","68.78","69.03","70.30","68.07","7.60K","-0.25%"
"Nov 25, 2024","68.95","71.38","71.43","68.75","8.36K","-3.23%"
"Nov 22, 2024","71.25","70.13","71.50","69.30","7.78K","1.64%"
"Nov 21, 2024","70.10","69.03","70.40","68.88","5.96K","1.96%"
"Nov 20, 2024","68.75","69.30","69.95","68.65","5.62K","-0.92%"
"Nov 19, 2024","69.39","69.00","69.65","68.55","0.26K","0.35%"
"Nov 18, 2024","69.15","66.88","69.35","66.50","1.56K","3.17%"
"Nov 15, 2024","67.03","68.30","68.68","66.82","4.64K","-2.44%"
"Nov 14, 2024","68.70","68.05","69.38","67.93","4.51K","0.40%"
"Nov 13, 2024","68.43","68.05","68.85","66.95","7.14K","0.44%"
"Nov 12, 2024","68.13","68.13","69.13","67.72","5.39K","0.11%"
"Nov 11, 2024","68.05","70.28","70.55","67.93","5.65K","-3.30%"
"Nov 08, 2024","70.38","72.15","72.25","70.00","5.80K","-2.73%"
"Nov 07, 2024","72.35","71.95","72.85","70.68","6.96K","0.91%"
"Nov 06, 2024","71.70","72.05","72.60","69.75","9.93K","-0.42%"
"Nov 05, 2024","72.00","71.63","72.68","71.30","5.49K","0.73%"
"Nov 04, 2024","71.47","70.18","71.82","70.18","6.24K","2.84%"
"Nov 01, 2024","69.50","70.60","71.43","69.30","6.92K","0.36%"
"Oct 31, 2024","69.25","69.07","70.78","68.28","8.57K","0.95%"
"Oct 30, 2024","68.60","67.38","69.15","67.30","6.41K","2.08%"
"Oct 29, 2024","67.20","67.93","68.53","66.75","7.17K","-0.26%"
"Oct 28, 2024","67.38","69.40","69.40","66.90","8.78K","-6.13%"
"Oct 25, 2024","71.78","70.30","71.90","69.95","6.15K","2.24%"
"Oct 24, 2024","70.20","70.97","72.35","69.75","6.66K","-0.81%"
"Oct 23, 2024","70.78","71.32","71.70","70.13","6.77K","-1.36%"
"Oct 22, 2024","71.75","69.72","72.07","69.35","7.10K","1.69%"
"Oct 21, 2024","70.56","69.50","71.03","69.05","0.28K","1.93%"
"Oct 18, 2024","69.22","70.72","71.25","68.70","1.33K","-2.05%"
"Oct 17, 2024","70.68","70.55","71.10","69.43","4.26K","0.39%"
"Oct 16, 2024","70.40","71.03","71.30","69.68","5.89K","-0.25%"
"Oct 15, 2024","70.57","71.55","72.22","69.70","8.31K","-4.40%"
"Oct 14, 2024","73.82","75.15","75.15","71.88","7.19K","-2.28%"
"Oct 11, 2024","75.55","75.70","76.07","74.53","7.39K","-0.40%"
"Oct 10, 2024","75.85","73.32","76.25","73.30","9.52K","3.55%"
"Oct 09, 2024","73.25","73.85","74.45","71.57","11.64K","-0.44%"
"Oct 08, 2024","73.57","77.43","78.53","72.72","14.77K","-4.63%"
"Oct 07, 2024","77.15","74.43","77.70","73.63","10.36K","3.73%"
"Oct 04, 2024","74.38","73.93","75.55","73.45","10.88K","0.92%"
"Oct 03, 2024","73.70","70.95","74.10","70.53","12.84K","5.14%"
"Oct 02, 2024","70.10","70.82","72.50","69.88","11.21K","0.39%"
"Oct 01, 2024","69.82","68.38","71.95","66.35","19.58K","2.42%"
"Sep 30, 2024","68.18","68.57","69.30","67.60","7.91K","0.00%"
"Sep 27, 2024","68.18","67.53","68.65","67.07","7.85K","0.74%"
"Sep 26, 2024","67.68","69.88","69.97","66.95","12.35K","-2.91%"
"Sep 25, 2024","69.70","71.55","71.75","69.25","7.96K","-2.59%"
"Sep 24, 2024","71.55","70.75","72.40","70.45","6.64K","1.67%"
"Sep 23, 2024","70.38","71.30","71.82","69.50","7.38K","-0.88%"
"Sep 20, 2024","71.00","71.22","71.45","70.40","5.74K","-1.32%"
"Sep 19, 2024","71.95","70.22","72.47","70.22","0.21K","1.48%"
"Sep 18, 2024","70.90","71.22","71.47","69.78","1.45K","-0.42%"
"Sep 17, 2024","71.20","70.50","71.90","69.63","4.48K","1.57%"
"Sep 16, 2024","70.10","69.07","70.68","68.65","4.73K","2.11%"
"Sep 13, 2024","68.65","69.32","70.30","68.47","5.93K","-0.47%"
"Sep 12, 2024","68.97","67.45","69.80","67.22","8.39K","2.49%"
"Sep 11, 2024","67.30","66.30","67.95","65.63","7.98K","2.36%"
"Sep 10, 2024","65.75","68.82","69.07","65.28","9.34K","-4.29%"
"Sep 09, 2024","68.70","68.20","68.95","67.32","7.60K","1.51%"
"Sep 06, 2024","67.68","69.40","70.13","67.18","8.81K","-2.13%"
"Sep 05, 2024","69.15","69.20","70.80","68.75","9.17K","-0.07%"
"Sep 04, 2024","69.20","70.25","71.45","68.82","9.95K","-1.63%"
"Sep 03, 2024","70.35","73.50","74.40","70.10","12.66K","-4.35%"
"Aug 30, 2024","73.55","75.88","76.57","73.38","8.50K","-3.10%"
"Aug 29, 2024","75.90","74.47","76.90","74.05","9.86K","1.85%"
"Aug 28, 2024","74.53","75.82","75.95","73.85","8.81K","-1.32%"
"Aug 27, 2024","75.53","77.10","77.50","75.40","7.32K","-2.45%"
"Aug 26, 2024","77.43","75.10","77.57","75.03","7.79K","3.47%"
"Aug 23, 2024","74.82","73.00","75.07","72.85","5.78K","2.50%"
"Aug 22, 2024","73.00","71.90","73.50","71.57","6.34K","1.49%"
"Aug 21, 2024","71.93","73.15","74.15","71.47","8.17K","-1.71%"
"Aug 20, 2024","73.18","73.70","74.38","72.53","10.11K","-1.61%"
"Aug 19, 2024","74.37","76.43","76.70","74.15","0.24K","-2.97%"
"Aug 16, 2024","76.65","78.13","78.13","75.57","1.13K","-1.92%"
"Aug 15, 2024","78.15","77.13","78.57","76.93","5.48K","1.53%"
"Aug 14, 2024","76.97","78.65","79.10","76.82","6.92K","-1.75%"
"Aug 13, 2024","78.35","79.70","80.15","78.18","7.50K","-2.12%"
"Aug 12, 2024","80.05","77.03","80.15","76.72","6.11K","4.16%"
"Aug 09, 2024","76.85","75.95","77.10","75.88","5.55K","0.85%"
"Aug 08, 2024","76.20","75.45","76.53","74.60","7.19K","1.30%"
"Aug 07, 2024","75.22","72.90","75.85","72.57","7.89K","2.77%"
"Aug 06, 2024","73.20","74.05","74.55","72.20","7.01K","0.34%"
"Aug 05, 2024","72.95","74.13","74.45","71.68","11.26K","-1.32%"
"Aug 04, 2024","73.93","74.13","74.45","73.70","0.30K","-0.27%"
"Aug 03, 2024","74.13","74.13","74.13","74.13","-","0.82%"
"Aug 02, 2024","73.53","76.78","77.28","72.97","6.90K","-3.64%"
"Aug 01, 2024","76.30","78.68","78.88","76.28","6.95K","-2.05%"
"Jul 31, 2024","77.90","75.22","78.68","75.20","7.33K","4.25%"
"Jul 30, 2024","74.72","75.93","75.97","74.63","5.95K","-1.42%"
"Jul 29, 2024","75.80","77.30","77.68","75.38","5.58K","-1.91%"
"Jul 28, 2024","77.28","76.47","77.47","76.47","0.31K","1.05%"
"Jul 27, 2024","76.47","76.47","76.47","76.47","-","-0.87%"
"Jul 26, 2024","77.15","78.32","78.60","76.20","5.71K","-1.44%"
"Jul 25, 2024","78.28","77.47","78.47","76.05","6.72K","0.87%"
"Jul 24, 2024","77.60","77.43","78.20","77.00","5.37K","0.84%"
"Jul 23, 2024","76.95","78.35","78.72","76.43","5.94K","-1.85%"
"Jul 22, 2024","78.40","78.75","79.13","77.57","4.98K","-0.82%"
"Jul 21, 2024","79.05","78.60","79.07","78.60","0.22K","0.57%"
"Jul 20, 2024","78.60","78.60","78.60","78.60","-","-1.91%"
"Jul 19, 2024","80.13","82.22","82.82","80.30","0.26K","-3.25%"
"Jul 18, 2024","82.82","83.10","83.85","82.05","1.12K","-0.03%"
"Jul 17, 2024","82.85","80.78","83.07","80.47","6.63K","2.60%"
"Jul 16, 2024","80.75","81.88","81.93","80.22","6.08K","-1.40%"
"Jul 15, 2024","81.90","82.05","82.55","81.47","6.01K","-0.46%"
"Jul 14, 2024","82.28","82.15","82.53","82.15","0.13K","0.15%"
"Jul 13, 2024","82.15","82.15","82.15","82.15","-","-0.06%"
"Jul 12, 2024","82.20","82.90","83.72","82.07","8.03K","-0.51%"
"Jul 11, 2024","82.63","82.38","83.13","81.63","6.95K","0.64%"
"Jul 10, 2024","82.10","81.75","82.68","80.82","6.80K","0.86%"
"Jul 09, 2024","81.40","82.20","82.47","81.25","5.90K","-1.12%"
"Jul 08, 2024","82.32","83.20","83.32","82.07","5.62K","-1.02%"
"Jul 07, 2024","83.18","83.20","83.32","82.85","0.21K","0.03%"
"Jul 05, 2024","83.15","83.63","84.53","83.03","7.67K","-0.95%"
"Jul 04, 2024","83.95","83.63","84.22","83.03","2.37K","0.09%"
"Jul 03, 2024","83.88","83.35","83.93","82.45","5.81K","1.30%"
"Jul 02, 2024","82.80","83.38","84.40","82.72","7.25K","-0.69%"
"Jul 01, 2024","83.38","81.45","83.68","81.35","6.44K","1.99%"
"Jun 30, 2024","81.75","81.47","81.82","81.35","0.15K","0.34%"
"Jun 29, 2024","81.47","81.47","81.47","81.47","-","-0.09%"
"Jun 28, 2024","81.55","81.90","82.70","80.97","5.40K","-0.24%"
"Jun 27, 2024","81.75","80.90","82.05","80.50","6.22K","1.05%"
"Jun 26, 2024","80.90","80.80","81.63","80.20","6.51K","0.09%"
"Jun 25, 2024","80.82","81.75","81.90","80.55","5.21K","-0.98%"
"Jun 24, 2024","81.63","80.60","81.78","80.25","5.01K","1.71%"
"Jun 23, 2024","80.25","80.57","80.70","80.25","0.13K","-0.40%"
"Jun 22, 2024","80.57","80.57","80.57","80.57","-","-0.19%"
"Jun 21, 2024","80.72","81.30","81.80","80.35","6.12K","-0.71%"
"Jun 20, 2024","81.30","80.78","81.50","80.30","8.86K","0.87%"
"Jun 19, 2024","80.60","80.65","80.65","80.53","3.69K","-1.19%"
"Jun 18, 2024","81.57","80.60","81.65","79.80","0.24K","1.55%"
"Jun 17, 2024","80.32","78.45","80.70","78.00","1.19K","2.62%"
"Jun 16, 2024","78.28","78.45","78.53","78.28","0.13K","-0.22%"
"Jun 14, 2024","78.45","77.97","79.15","77.75","5.47K","-0.22%"
"Jun 13, 2024","78.63","78.38","78.88","77.68","6.14K","0.16%"
"Jun 12, 2024","78.50","78.18","79.32","77.90","6.18K","0.77%"
"Jun 11, 2024","77.90","78.07","78.35","77.22","6.09K","0.19%"
"Jun 10, 2024","77.75","75.35","78.30","75.22","6.29K","3.22%"
"Jun 09, 2024","75.32","75.38","75.53","75.25","0.10K","-0.26%"
"Jun 07, 2024","75.53","75.68","76.25","75.20","7.10K","-0.03%"
"Jun 06, 2024","75.55","74.28","75.80","74.05","6.99K","1.99%"
"Jun 05, 2024","74.07","72.90","74.32","72.82","6.45K","1.13%"
"Jun 04, 2024","73.25","74.07","74.13","72.47","8.49K","-1.31%"
"Jun 03, 2024","74.22","77.05","77.50","73.97","8.96K","-3.32%"
"Jun 02, 2024","76.78","76.93","77.10","76.43","0.41K","-0.29%"
"May 31, 2024","77.00","77.78","78.63","76.68","8.59K","-1.16%"
"May 30, 2024","77.90","79.35","79.40","77.63","9.84K","-1.67%"
"May 29, 2024","79.22","80.25","80.65","79.00","6.77K","-0.75%"
"May 28, 2024","79.82","77.82","80.30","77.72","9.17K","1.49%"
"May 27, 2024","78.65","77.82","78.80","77.72","2.72K","1.09%"
"May 26, 2024","77.80","77.82","77.85","77.72","0.07K","0.10%"
"May 24, 2024","77.72","77.05","78.03","76.10","7.78K","1.11%"
"May 23, 2024","76.88","77.30","78.65","76.45","9.33K","-0.90%"
"May 22, 2024","77.57","78.25","78.40","77.25","9.15K","-1.37%"
"May 21, 2024","78.65","79.25","79.32","77.68","9.05K","-1.44%"
"May 20, 2024","79.80","79.95","80.53","79.25","0.33K","0.00%"
"May 19, 2024","79.80","79.97","79.97","79.80","0.01K","-0.22%"
"May 18, 2024","79.97","79.97","79.97","79.97","-","-0.09%"
"May 17, 2024","80.05","79.40","80.10","79.00","2.04K","1.04%"
"May 16, 2024","79.22","78.85","79.82","78.20","6.80K","0.76%"
"May 15, 2024","78.63","78.47","78.93","76.70","9.79K","0.77%"
"May 14, 2024","78.03","79.20","79.38","77.68","7.76K","-1.39%"
"May 13, 2024","79.13","78.20","79.50","77.80","6.59K","1.34%"
"May 12, 2024","78.07","78.18","78.20","77.97","0.15K","-0.13%"
"May 11, 2024","78.18","78.18","78.18","78.18","-","-0.10%"
"May 10, 2024","78.25","79.60","79.95","78.15","7.77K","-1.26%"
"May 09, 2024","79.25","79.28","79.80","78.93","8.22K","0.32%"
"May 08, 2024","79.00","78.40","79.28","76.90","10.10K","0.80%"
"May 07, 2024","78.38","78.72","79.15","77.57","9.51K","-0.13%"
"May 06, 2024","78.47","78.15","79.10","77.93","9.35K","0.10%"
"May 05, 2024","78.40","78.00","78.57","78.00","0.22K","0.51%"
"May 04, 2024","78.00","78.00","78.00","78.00","-","-0.13%"
"May 03, 2024","78.10","79.18","79.60","77.95","8.53K","-1.08%"
"May 02, 2024","78.95","79.20","79.88","78.40","11.33K","-0.06%"
"May 01, 2024","79.00","81.47","81.55","78.85","11.06K","-3.57%"
"Apr 30, 2024","81.93","82.80","83.30","80.95","10.76K","-0.85%"
"Apr 29, 2024","82.63","83.93","83.93","82.43","9.27K","-0.72%"
"Apr 28, 2024","83.22","83.68","83.93","83.22","0.22K","-0.54%"
"Apr 27, 2024","83.68","83.68","83.68","83.68","-","-0.21%"
"Apr 26, 2024","83.85","83.85","84.45","83.35","7.80K","0.33%"
"Apr 25, 2024","83.57","82.82","83.82","82.00","9.64K","0.94%"
"Apr 24, 2024","82.80","83.35","83.70","82.45","10.52K","-0.66%"
"Apr 23, 2024","83.35","82.20","83.43","80.90","11.97K","1.77%"
"Apr 22, 2024","81.90","81.90","82.28","80.70","9.36K","-0.03%"
"Apr 21, 2024","81.93","82.13","82.13","81.90","0.16K","-0.24%"
"Apr 20, 2024","82.13","82.13","82.13","82.13","-","-1.22%"
"Apr 19, 2024","83.14","82.65","86.18","82.00","0.32K","0.50%"
"Apr 18, 2024","82.72","82.85","83.45","81.65","1.41K","0.03%"
"Apr 17, 2024","82.70","85.38","85.50","82.55","7.97K","-3.10%"
"Apr 16, 2024","85.35","85.65","86.18","84.72","8.04K","-0.06%"
"Apr 15, 2024","85.40","86.30","86.30","84.05","11.83K","-0.23%"
"Apr 14, 2024","85.60","85.43","85.85","85.22","0.70K","0.20%"
"Apr 13, 2024","85.43","85.43","85.43","85.43","-","-0.26%"
"Apr 12, 2024","85.65","85.63","87.65","85.30","11.03K","0.74%"
"Apr 11, 2024","85.03","86.40","86.63","84.85","9.23K","-1.36%"
"Apr 10, 2024","86.20","85.32","86.40","84.53","10.91K","1.14%"
"Apr 09, 2024","85.22","86.57","86.97","85.10","9.17K","-1.39%"
"Apr 08, 2024","86.43","86.05","87.10","84.68","11.69K","0.61%"
"Apr 07, 2024","85.90","86.75","86.75","85.80","0.32K","-1.15%"
"Apr 05, 2024","86.90","86.88","87.65","86.32","9.25K","0.35%"
"Apr 04, 2024","86.60","85.60","87.20","84.65","9.13K","1.38%"
"Apr 03, 2024","85.43","85.50","86.20","84.85","8.41K","0.32%"
"Apr 02, 2024","85.15","84.05","85.47","83.85","9.75K","1.73%"
"Apr 01, 2024","83.70","83.18","84.50","82.63","8.26K","0.66%"
"Mar 31, 2024","83.15","83.22","83.32","83.05","0.18K","-0.03%"
"Mar 28, 2024","83.18","81.72","83.22","81.53","7.29K","2.24%"
"Mar 27, 2024","81.35","81.32","81.72","80.55","7.56K","-0.34%"
"Mar 26, 2024","81.63","81.97","82.38","81.00","7.52K","-0.40%"
"Mar 25, 2024","81.95","80.80","82.45","80.60","8.00K","1.30%"
"Mar 24, 2024","80.90","80.80","80.93","80.60","0.14K","0.34%"
"Mar 22, 2024","80.63","80.85","81.45","80.43","6.31K","-0.56%"
"Mar 21, 2024","81.07","81.47","81.93","80.32","7.64K","-0.25%"
"Mar 20, 2024","81.28","82.55","82.65","80.85","9.56K","-2.63%"
"Mar 19, 2024","83.47","82.78","83.82","82.40","0.21K","0.90%"
"Mar 18, 2024","82.72","81.15","83.07","80.97","1.47K","2.07%"
"Mar 17, 2024","81.05","81.03","81.20","81.00","0.05K","0.00%"
"Mar 15, 2024","81.05","81.20","81.43","80.47","6.41K","-0.25%"
"Mar 14, 2024","81.25","79.57","81.63","79.57","6.76K","1.91%"
"Mar 13, 2024","79.72","78.07","79.88","77.57","6.62K","2.80%"
"Mar 12, 2024","77.55","78.15","78.72","77.32","7.06K","-0.48%"
"Mar 11, 2024","77.93","78.00","78.45","76.80","7.23K","0.13%"
"Mar 10, 2024","77.82","77.88","77.90","77.68","0.10K","-0.03%"
"Mar 09, 2024","77.85","77.85","77.85","77.85","-","-0.19%"
"Mar 08, 2024","78.00","79.47","79.97","77.55","8.28K","-1.17%"
"Mar 07, 2024","78.93","79.13","79.53","78.03","10.35K","-0.25%"
"Mar 06, 2024","79.13","78.18","80.65","78.00","9.92K","1.25%"
"Mar 05, 2024","78.15","78.70","79.47","77.50","12.13K","-0.76%"
"Mar 04, 2024","78.75","80.03","80.43","78.57","8.72K","-1.47%"
"Mar 03, 2024","79.93","79.78","80.35","79.78","0.23K","-0.06%"
"Mar 01, 2024","79.97","78.35","80.88","78.07","9.20K","2.20%"
"Feb 29, 2024","78.25","78.30","79.25","77.93","9.06K","-0.38%"
"Feb 28, 2024","78.55","78.47","79.63","77.80","8.95K","-0.41%"
"Feb 27, 2024","78.88","77.47","79.05","77.18","7.43K","1.68%"
"Feb 26, 2024","77.57","76.45","78.03","75.82","6.90K","1.47%"
"Feb 25, 2024","76.45","76.60","76.63","76.43","0.16K","-0.20%"
"Feb 24, 2024","76.60","76.60","76.60","76.60","-","0.13%"
"Feb 23, 2024","76.50","78.35","78.40","76.35","8.57K","-2.67%"
"Feb 22, 2024","78.60","78.10","78.93","77.22","8.72K","0.90%"
"Feb 21, 2024","77.90","77.15","78.07","76.32","9.47K","1.10%"
"Feb 20, 2024","77.05","78.35","78.57","76.80","13.68K","-1.34%"
"Feb 19, 2024","78.10","78.15","78.57","77.63","4.02K","-0.03%"
"Feb 18, 2024","78.13","78.25","78.28","78.03","0.11K","-0.16%"
"Feb 17, 2024","78.25","78.25","78.25","78.25","-","-1.19%"
"Feb 16, 2024","79.19","78.18","79.25","77.25","0.39K","1.49%"
"Feb 15, 2024","78.03","76.57","78.45","75.78","2.02K","1.79%"
"Feb 14, 2024","76.65","77.85","78.75","76.38","7.89K","-1.57%"
"Feb 13, 2024","77.88","77.00","78.47","76.85","8.99K","1.23%"
"Feb 12, 2024","76.93","76.57","77.10","75.53","6.21K","0.59%"
"Feb 11, 2024","76.47","76.65","76.65","76.22","0.09K","-0.49%"
"Feb 09, 2024","76.85","76.40","77.28","75.93","6.64K","0.82%"
"Feb 08, 2024","76.22","74.05","76.60","73.57","8.70K","3.22%"
"Feb 07, 2024","73.85","73.50","74.20","73.25","7.16K","0.75%"
"Feb 06, 2024","73.30","72.82","73.82","72.40","9.16K","0.72%"
"Feb 05, 2024","72.78","72.72","73.28","71.40","9.75K","0.00%"
"Feb 04, 2024","72.78","72.43","72.97","72.43","0.21K","0.48%"
"Feb 03, 2024","72.43","72.43","72.43","72.43","-","0.21%"
"Feb 02, 2024","72.28","73.85","74.53","71.80","12.23K","-2.10%"
"Feb 01, 2024","73.82","75.93","76.95","73.72","16.90K","-2.67%"
"Jan 31, 2024","75.85","77.80","78.13","75.53","11.12K","-2.54%"
"Jan 30, 2024","77.82","76.97","78.15","75.85","9.96K","1.37%"
"Jan 29, 2024","76.78","78.88","79.30","76.43","10.58K","-2.66%"
"Jan 28, 2024","78.88","78.20","79.30","78.20","0.43K","0.86%"
"Jan 27, 2024","78.20","78.20","78.20","78.20","-","0.26%"
"Jan 26, 2024","78.00","77.03","78.28","76.05","11.77K","0.84%"
"Jan 25, 2024","77.35","75.45","77.50","75.18","10.24K","3.00%"
"Jan 24, 2024","75.10","74.50","75.82","73.95","10.30K","0.97%"
"Jan 23, 2024","74.38","74.70","75.25","73.40","10.29K","-0.50%"
"Jan 22, 2024","74.75","73.80","75.45","72.55","9.15K","2.19%"
"Jan 21, 2024","73.15","73.47","73.60","73.10","0.17K","-0.44%"
"Jan 20, 2024","73.47","73.47","73.47","73.47","-","0.09%"
"Jan 19, 2024","73.41","73.97","74.95","73.30","0.26K","-0.90%"
"Jan 18, 2024","74.07","72.75","74.32","72.20","1.63K","2.10%"
"Jan 17, 2024","72.55","71.97","72.95","70.53","9.19K","0.21%"
"Jan 16, 2024","72.40","72.80","73.55","71.25","17.19K","-0.38%"
"Jan 15, 2024","72.68","72.53","73.00","71.25","7.15K","0.14%"
"Jan 14, 2024","72.57","72.82","72.82","72.05","0.21K","-0.34%"
"Jan 13, 2024","72.82","72.82","72.82","72.82","-","0.21%"
"Jan 12, 2024","72.68","73.00","75.25","72.40","14.64K","0.90%"
"Jan 11, 2024","72.03","71.35","73.80","71.18","12.96K","0.91%"
"Jan 10, 2024","71.38","72.18","73.57","70.97","12.70K","-1.21%"
"Jan 09, 2024","72.25","70.90","72.93","70.47","10.37K","2.08%"
"Jan 08, 2024","70.78","73.72","73.95","70.13","10.84K","-4.03%"
"Jan 07, 2024","73.75","73.97","73.97","73.65","0.22K","-0.30%"
"Jan 06, 2024","73.97","73.97","73.97","73.97","-","0.24%"
"Jan 05, 2024","73.80","72.20","74.22","72.20","10.24K","2.22%"
"Jan 04, 2024","72.20","73.05","73.97","71.07","11.55K","-0.69%"
"Jan 03, 2024","72.70","70.55","73.25","69.30","12.01K","3.30%"
"Jan 02, 2024","70.38","71.72","73.65","70.05","11.13K","-2.19%"
"Jan 01, 2024","71.95","71.72","72.18","71.72","0.21K","0.81%"
"Dec 31, 2023","71.38","71.38","71.38","71.38","-","0.00%"
"Dec 30, 2023","71.38","71.38","71.38","71.38","-","-0.38%"
"Dec 29, 2023","71.65","72.00","72.63","71.25","8.04K","-0.17%"
"Dec 28, 2023","71.78","73.82","74.40","71.72","10.02K","-3.14%"
"Dec 27, 2023","74.10","75.38","75.65","73.75","9.38K","-1.95%"
"Dec 26, 2023","75.57","73.60","76.20","73.13","8.66K","2.44%"
"Dec 25, 2023","73.78","73.60","73.93","73.45","0.19K","0.41%"
"Dec 24, 2023","73.47","73.47","73.47","73.47","-","0.00%"
"Dec 23, 2023","73.47","73.47","73.47","73.47","-","-0.10%"
"Dec 22, 2023","73.55","73.90","74.97","73.40","8.41K","-0.47%"
"Dec 21, 2023","73.90","73.80","74.57","72.43","10.49K","-0.44%"
"Dec 20, 2023","74.22","74.07","75.38","73.63","9.43K","0.37%"
"Dec 19, 2023","73.95","72.75","74.45","72.15","9.00K","2.04%"
"Dec 18, 2023","72.47","71.75","74.28","70.70","0.50K","0.48%"
"Dec 17, 2023","72.13","71.78","72.15","71.75","0.02K","0.49%"
"Dec 16, 2023","71.78","71.78","71.78","71.78","-","0.49%"
"Dec 15, 2023","71.43","71.63","72.25","70.32","1.84K","-0.21%"
"Dec 14, 2023","71.57","69.75","72.43","69.53","7.11K","3.02%"
"Dec 13, 2023","69.47","68.82","69.90","67.70","8.19K","1.28%"
"Dec 12, 2023","68.60","71.40","71.97","68.22","9.31K","-3.82%"
"Dec 11, 2023","71.32","71.20","71.80","70.35","8.05K","0.11%"
"Dec 10, 2023","71.25","71.28","71.28","70.90","0.19K","-0.04%"
"Dec 09, 2023","71.28","71.28","71.28","71.28","-","0.07%"
"Dec 08, 2023","71.22","69.85","71.63","69.45","8.76K","2.70%"
"Dec 07, 2023","69.35","69.35","70.47","68.80","9.00K","-0.04%"
"Dec 06, 2023","69.38","72.05","72.60","69.13","11.79K","-4.08%"
"Dec 05, 2023","72.32","73.30","74.13","72.03","12.45K","-0.99%"
"Dec 04, 2023","73.05","74.47","75.03","72.63","12.28K","-2.34%"
"Dec 03, 2023","74.80","74.32","75.03","74.32","0.40K","0.64%"
"Dec 02, 2023","74.32","74.32","74.32","74.32","-","0.34%"
"Dec 01, 2023","74.07","75.57","76.75","73.93","12.68K","-2.47%"
"Nov 30, 2023","75.95","77.75","79.60","75.03","19.43K","-2.44%"
"Nov 29, 2023","77.85","76.57","78.07","75.68","11.83K","1.90%"
"Nov 28, 2023","76.40","74.97","77.03","74.65","9.11K","2.07%"
"Nov 27, 2023","74.85","75.20","76.22","74.05","10.95K","-1.12%"
"Nov 26, 2023","75.70","75.53","75.70","75.47","0.25K","0.20%"
"Nov 24, 2023","75.55","76.75","77.05","75.07","12.63K","-1.05%"
"Nov 23, 2023","76.35","76.68","76.80","75.30","6.47K","-0.97%"
"Nov 22, 2023","77.10","77.75","77.95","73.80","14.87K","-0.87%"
"Nov 21, 2023","77.78","77.65","77.93","76.93","8.96K","-0.06%"
"Nov 20, 2023","77.82","76.00","78.45","75.45","8.74K","2.07%"
"Nov 19, 2023","76.25","76.07","76.30","75.60","0.25K","0.23%"
"Nov 18, 2023","76.07","76.07","76.07","76.07","-","0.24%"
"Nov 17, 2023","75.89","73.15","75.90","72.85","0.36K","4.10%"
"Nov 16, 2023","72.90","76.55","76.60","72.18","2.10K","-4.89%"
"Nov 15, 2023","76.65","78.18","78.78","76.30","9.45K","-2.04%"
"Nov 14, 2023","78.25","78.57","79.78","77.80","8.10K","0.00%"
"Nov 13, 2023","78.25","77.25","78.63","76.20","8.41K","1.76%"
"Nov 12, 2023","76.90","77.15","77.28","76.85","0.17K","-0.36%"
"Nov 10, 2023","77.18","75.63","77.72","75.32","10.15K","1.88%"
"Nov 09, 2023","75.75","75.65","77.15","75.22","12.73K","0.56%"
"Nov 08, 2023","75.32","77.25","77.55","74.95","14.95K","-2.65%"
"Nov 07, 2023","77.38","80.97","81.07","77.10","14.02K","-4.27%"
"Nov 06, 2023","80.82","81.07","82.25","80.65","11.59K","-0.28%"
"Nov 05, 2023","81.05","81.03","81.07","80.65","0.27K","0.68%"
"Nov 03, 2023","80.50","82.50","83.60","80.07","16.10K","-2.37%"
"Nov 02, 2023","82.45","80.80","82.82","80.22","11.54K","2.49%"
"Nov 01, 2023","80.45","81.38","83.45","80.32","13.23K","-0.71%"
"Oct 31, 2023","81.03","82.40","83.38","80.75","12.49K","-1.55%"
"Oct 30, 2023","82.30","85.15","85.25","81.82","14.84K","-2.66%"
"Oct 29, 2023","84.55","85.20","85.25","83.78","0.66K","-1.17%"
"Oct 27, 2023","85.55","83.45","85.90","83.10","14.73K","2.82%"
"Oct 26, 2023","83.20","85.25","85.60","82.57","12.93K","-2.58%"
"Oct 25, 2023","85.40","83.75","85.55","82.10","14.95K","1.97%"
"Oct 24, 2023","83.75","86.18","86.30","82.93","13.08K","-2.05%"
"Oct 23, 2023","85.50","88.15","88.22","85.38","11.47K","-2.54%"
"Oct 22, 2023","87.72","88.35","88.35","87.60","0.35K","-0.40%"
"Oct 20, 2023","88.07","89.10","89.85","87.53","10.77K","-1.45%"
"Oct 19, 2023","89.37","88.30","89.40","86.80","0.17K","1.18%"
"Oct 18, 2023","88.32","87.78","89.85","87.18","2.23K","1.93%"
"Oct 17, 2023","86.65","87.10","87.72","85.60","8.78K","0.00%"
"Oct 16, 2023","86.65","87.85","88.32","86.32","11.15K","-1.06%"
"Oct 15, 2023","87.57","87.55","87.97","87.18","0.50K","-0.14%"
"Oct 13, 2023","87.70","83.50","87.85","83.35","15.11K","5.79%"
"Oct 12, 2023","82.90","83.32","85.20","82.30","13.77K","-0.72%"
"Oct 11, 2023","83.50","85.95","86.50","83.10","14.28K","-2.88%"
"Oct 10, 2023","85.97","86.43","86.72","85.13","13.57K","-0.46%"
"Oct 09, 2023","86.38","85.00","87.22","84.70","18.14K","0.73%"
"Oct 08, 2023","85.75","84.80","86.45","84.70","1.92K","3.56%"
"Oct 06, 2023","82.80","82.40","83.28","81.53","14.18K","0.61%"
"Oct 05, 2023","82.30","84.50","84.93","82.15","15.02K","-2.29%"
"Oct 04, 2023","84.22","89.38","89.60","84.18","13.47K","-5.60%"
"Oct 03, 2023","89.22","88.65","90.28","87.78","11.62K","0.45%"
"Oct 02, 2023","88.82","90.78","91.85","88.47","10.05K","-2.52%"
"Oct 01, 2023","91.13","90.78","91.25","90.78","0.20K","0.36%"
"Sep 29, 2023","90.80","91.68","93.10","90.35","11.83K","-0.98%"
"Sep 28, 2023","91.70","93.75","95.00","91.38","12.47K","-2.11%"
"Sep 27, 2023","93.68","90.55","94.15","90.43","15.29K","3.62%"
"Sep 26, 2023","90.40","89.90","90.75","88.20","9.47K","0.81%"
"Sep 25, 2023","89.68","90.50","90.82","89.03","10.20K","-1.08%"
"Sep 24, 2023","90.65","90.50","90.65","90.18","0.20K","0.69%"
"Sep 22, 2023","90.03","89.63","91.32","89.30","12.87K","0.45%"
"Sep 21, 2023","89.63","89.30","90.97","88.38","12.39K","-0.03%"
"Sep 20, 2023","89.65","90.60","91.07","88.97","15.78K","-1.70%"
"Sep 19, 2023","91.20","92.38","93.72","91.15","0.64K","-0.30%"
"Sep 18, 2023","91.47","91.13","92.43","90.78","2.41K","0.52%"
"Sep 17, 2023","91.00","91.13","91.18","90.88","0.09K","0.25%"
"Sep 15, 2023","90.78","90.65","91.22","89.22","10.03K","0.69%"
"Sep 14, 2023","90.15","88.80","90.82","88.68","9.20K","1.84%"
"Sep 13, 2023","88.53","88.78","89.63","88.28","8.91K","-0.37%"
"Sep 12, 2023","88.85","87.22","89.35","87.22","9.08K","1.78%"
"Sep 11, 2023","87.30","87.22","88.18","86.70","8.57K","0.37%"
"Sep 10, 2023","86.97","87.20","87.22","86.90","0.21K","-0.26%"
"Sep 09, 2023","87.20","87.20","87.20","87.20","-","-0.34%"
"Sep 08, 2023","87.50","86.78","87.93","86.18","8.82K","0.72%"
"Sep 07, 2023","86.88","87.57","87.72","86.40","8.34K","-0.77%"
"Sep 06, 2023","87.55","86.68","88.07","85.93","8.86K","0.98%"
"Sep 05, 2023","86.70","86.10","88.05","85.00","16.57K","1.05%"
"Sep 04, 2023","85.80","85.82","86.13","85.28","4.19K","-0.06%"
"Sep 03, 2023","85.85","86.10","86.10","85.75","0.17K","0.35%"
"Sep 01, 2023","85.55","83.60","86.03","83.47","9.94K","2.30%"
"Aug 31, 2023","83.63","81.63","83.68","81.50","8.65K","2.45%"
"Aug 30, 2023","81.63","81.30","82.05","80.90","8.36K","0.59%"
"Aug 29, 2023","81.15","80.00","81.43","79.38","7.49K","1.31%"
"Aug 28, 2023","80.10","80.07","80.85","79.60","6.98K","-0.12%"
"Aug 27, 2023","80.20","80.10","80.35","80.00","0.16K","0.47%"
"Aug 25, 2023","79.82","78.88","80.45","78.15","11.51K","0.98%"
"Aug 24, 2023","79.05","78.60","79.25","77.57","9.61K","0.19%"
"Aug 23, 2023","78.90","79.65","79.90","77.60","10.86K","-0.94%"
"Aug 22, 2023","79.65","80.25","80.38","79.47","7.30K","-1.33%"
"Aug 21, 2023","80.72","81.25","82.45","80.80","0.87K","-0.68%"
"Aug 20, 2023","81.28","81.25","81.32","81.25","0.12K","0.03%"
"Aug 18, 2023","81.25","80.15","81.57","79.65","2.05K","1.06%"
"Aug 17, 2023","80.40","79.22","81.07","78.95","9.04K","1.29%"
"Aug 16, 2023","79.38","81.18","81.43","79.05","9.83K","-2.01%"
"Aug 15, 2023","81.00","82.53","82.90","80.40","9.39K","-1.82%"
"Aug 14, 2023","82.50","83.05","83.20","81.78","8.65K","-0.48%"
"Aug 13, 2023","82.90","83.03","83.07","82.75","0.16K","-0.36%"
"Aug 11, 2023","83.20","82.90","83.80","82.22","9.50K","0.45%"
"Aug 10, 2023","82.82","84.20","84.90","82.63","10.31K","-1.87%"
"Aug 09, 2023","84.40","82.85","84.63","82.68","12.04K","1.78%"
"Aug 08, 2023","82.93","82.47","83.07","79.93","11.27K","1.19%"
"Aug 07, 2023","81.95","82.78","83.30","81.53","7.48K","-1.24%"
"Aug 06, 2023","82.97","82.63","83.30","82.63","0.35K","0.42%"
"Aug 05, 2023","82.63","82.63","82.63","82.63","-","-0.24%"
"Aug 04, 2023","82.82","81.70","83.25","81.50","8.96K","1.56%"
"Aug 03, 2023","81.55","79.72","81.88","78.70","13.28K","2.58%"
"Aug 02, 2023","79.50","82.15","82.45","79.07","11.97K","-2.30%"
"Aug 01, 2023","81.38","81.72","82.22","80.60","8.99K","-0.52%"
"Jul 31, 2023","81.80","80.75","82.00","80.13","7.94K","1.74%"
"Jul 30, 2023","80.40","80.57","80.63","80.40","0.18K","-0.22%"
"Jul 28, 2023","80.57","79.78","80.70","79.07","9.11K","0.59%"
"Jul 27, 2023","80.10","78.95","80.60","78.88","11.49K","1.68%"
"Jul 26, 2023","78.78","79.28","79.78","78.55","9.95K","-1.07%"
"Jul 25, 2023","79.63","78.90","79.90","78.28","11.13K","1.11%"
"Jul 24, 2023","78.75","76.82","79.28","76.45","12.33K","2.84%"
"Jul 23, 2023","76.57","76.90","76.93","76.55","0.17K","-0.29%"
"Jul 22, 2023","76.80","76.80","76.80","76.80","-","-0.36%"
"Jul 21, 2023","77.07","75.68","77.30","75.68","10.11K","1.88%"
"Jul 20, 2023","75.65","75.35","76.15","74.53","10.65K","0.40%"
"Jul 19, 2023","75.35","75.85","76.90","75.15","0.35K","-0.53%"
"Jul 18, 2023","75.75","74.10","76.00","73.90","1.30K","2.16%"
"Jul 17, 2023","74.15","75.10","76.10","73.85","12.81K","-1.00%"
"Jul 16, 2023","74.90","75.00","75.13","74.63","0.23K","-0.70%"
"Jul 14, 2023","75.43","77.15","77.30","75.10","10.99K","-1.92%"
"Jul 13, 2023","76.90","75.80","77.35","75.35","11.83K","1.52%"
"Jul 12, 2023","75.75","74.78","76.13","74.68","11.91K","1.24%"
"Jul 11, 2023","74.82","73.20","74.97","72.97","9.90K","2.50%"
"Jul 10, 2023","73.00","73.80","74.15","72.70","10.79K","-0.75%"
"Jul 09, 2023","73.55","73.78","73.80","73.43","0.20K","-0.41%"
"Jul 07, 2023","73.85","71.85","73.93","71.20","13.72K","2.86%"
"Jul 06, 2023","71.80","71.82","72.32","70.22","16.17K","0.00%"
"Jul 05, 2023","71.80","70.13","72.18","69.93","19.08K","0.98%"
"Jul 04, 2023","71.10","70.07","71.35","69.93","5.77K","1.86%"
"Jul 03, 2023","69.80","70.45","71.78","69.68","13.73K","-0.89%"
"Jul 02, 2023","70.43","70.47","70.72","70.28","0.23K","-0.32%"
"Jun 30, 2023","70.65","69.78","71.05","69.55","12.35K","1.15%"
"Jun 29, 2023","69.85","69.22","70.60","68.93","13.63K","0.43%"
"Jun 28, 2023","69.55","68.05","69.72","67.05","14.15K","2.73%"
"Jun 27, 2023","67.70","69.47","70.15","67.50","14.27K","-2.41%"
"Jun 26, 2023","69.38","69.78","70.07","68.72","10.58K","-0.82%"
"Jun 25, 2023","69.95","69.53","70.07","69.47","0.36K","1.16%"
"Jun 23, 2023","69.15","69.50","69.63","67.35","11.56K","-0.50%"
"Jun 22, 2023","69.50","72.38","72.65","68.95","13.08K","-4.17%"
"Jun 21, 2023","72.53","70.85","72.70","70.80","10.92K","1.86%"
"Jun 20, 2023","71.20","71.65","72.38","69.75","20.56K","-0.81%"
"Jun 16, 2023","71.78","70.53","71.78","69.97","0.48K","1.64%"
"Jun 15, 2023","70.63","68.63","70.95","67.97","2.19K","3.44%"
"Jun 14, 2023","68.28","69.28","70.50","68.00","13.73K","-1.66%"
"Jun 13, 2023","69.43","67.45","69.85","67.18","14.92K","3.43%"
"Jun 12, 2023","67.13","70.30","70.35","66.80","17.51K","-4.35%"
"Jun 09, 2023","70.18","70.93","71.78","70.10","15.22K","-1.58%"
"Jun 08, 2023","71.30","72.53","73.30","69.05","24.70K","-1.69%"
"Jun 07, 2023","72.53","71.50","73.18","71.03","14.00K","1.08%"
"Jun 06, 2023","71.75","71.95","72.32","70.13","13.70K","-0.55%"
"Jun 05, 2023","72.15","74.65","75.00","71.72","17.30K","0.56%"
"Jun 02, 2023","71.75","70.15","72.18","70.03","14.08K","2.35%"
"Jun 01, 2023","70.10","67.55","71.07","67.50","16.40K","2.94%"
"May 31, 2023","68.10","69.65","69.70","67.03","20.12K","-1.94%"
"May 30, 2023","69.45","73.00","73.53","69.03","24.04K","-4.44%"
"May 26, 2023","72.68","71.93","73.05","71.50","12.19K","1.18%"
"May 25, 2023","71.82","74.22","74.38","71.03","15.29K","-3.40%"
"May 24, 2023","74.35","73.70","74.72","73.13","14.87K","1.99%"
"May 23, 2023","72.90","72.07","73.78","71.70","13.24K","1.18%"
"May 22, 2023","72.05","71.80","72.53","70.68","12.00K","0.70%"
"May 19, 2023","71.55","71.93","73.38","71.13","0.35K","-0.42%"
"May 18, 2023","71.85","72.70","72.85","71.45","1.35K","-1.34%"
"May 17, 2023","72.82","70.60","73.25","70.05","12.28K","2.79%"
"May 16, 2023","70.85","71.28","71.78","70.43","11.37K","-0.35%"
"May 15, 2023","71.10","70.10","71.70","69.40","11.68K","1.50%"
"May 12, 2023","70.05","71.40","71.78","69.95","14.40K","-1.16%"
"May 11, 2023","70.88","72.78","73.50","70.63","15.31K","-2.31%"
"May 10, 2023","72.55","73.57","73.90","71.82","15.33K","-1.56%"
"May 09, 2023","73.70","72.82","73.75","71.35","13.87K","0.75%"
"May 08, 2023","73.15","71.40","73.70","71.05","11.74K","2.52%"
"May 05, 2023","71.35","68.68","71.78","68.47","14.67K","4.08%"
"May 04, 2023","68.55","68.10","69.82","63.70","25.61K","-0.07%"
"May 03, 2023","68.60","71.55","71.80","67.97","23.75K","-4.26%"
"May 02, 2023","71.65","75.80","76.10","71.45","18.43K","-5.29%"
"May 01, 2023","75.65","76.68","76.70","74.55","11.84K","-1.47%"
"Apr 28, 2023","76.78","74.88","76.93","73.95","16.73K","2.71%"
"Apr 27, 2023","74.75","74.43","75.28","74.03","15.56K","0.61%"
"Apr 26, 2023","74.30","77.15","77.93","74.07","20.84K","-3.60%"
"Apr 25, 2023","77.07","78.65","79.07","76.50","14.46K","-2.13%"
"Apr 24, 2023","78.75","77.95","79.18","76.70","12.65K","1.12%"
"Apr 21, 2023","77.88","77.13","78.38","76.72","11.36K","0.65%"
"Apr 20, 2023","77.38","79.03","79.03","76.95","15.32K","-2.25%"
"Apr 19, 2023","79.16","80.95","81.13","78.50","0.57K","-2.09%"
"Apr 18, 2023","80.85","81.05","81.45","79.90","1.63K","0.03%"
"Apr 17, 2023","80.82","82.53","82.70","80.47","9.08K","-2.06%"
"Apr 14, 2023","82.53","82.43","83.13","81.78","11.91K","0.46%"
"Apr 13, 2023","82.15","83.22","83.45","82.13","11.04K","-1.32%"
"Apr 12, 2023","83.25","81.43","83.53","81.30","14.73K","2.12%"
"Apr 11, 2023","81.53","79.88","81.57","79.38","12.35K","2.23%"
"Apr 10, 2023","79.75","80.55","81.20","79.60","11.38K","-1.18%"
"Apr 06, 2023","80.70","80.43","80.95","79.65","12.41K","0.12%"
"Apr 05, 2023","80.60","81.00","81.25","79.72","13.36K","-0.12%"
"Apr 04, 2023","80.70","80.45","81.80","79.63","17.23K","0.34%"
"Apr 03, 2023","80.43","79.03","81.72","79.00","21.17K","6.28%"
"Mar 31, 2023","75.68","74.38","75.72","73.75","12.37K","1.75%"
"Mar 30, 2023","74.38","72.93","74.60","72.63","12.03K","1.92%"
"Mar 29, 2023","72.97","73.60","74.40","72.75","12.51K","-0.31%"
"Mar 28, 2023","73.20","72.80","73.93","72.20","14.72K","0.55%"
"Mar 27, 2023","72.80","69.45","73.07","69.15","15.66K","5.13%"
"Mar 24, 2023","69.25","69.50","70.38","66.82","18.89K","-1.00%"
"Mar 23, 2023","69.95","69.93","71.68","69.15","14.56K","-1.34%"
"Mar 22, 2023","70.90","69.50","71.30","68.90","14.42K","1.76%"
"Mar 21, 2023","69.68","67.80","69.75","66.90","17.66K","3.01%"
"Mar 20, 2023","67.64","66.35","67.55","64.15","0.42K","1.33%"
"Mar 17, 2023","66.75","68.28","69.65","65.22","3.75K","-2.34%"
"Mar 16, 2023","68.35","68.15","69.38","65.72","17.88K","1.11%"
"Mar 15, 2023","67.60","71.57","72.55","65.68","23.75K","-5.22%"
"Mar 14, 2023","71.32","74.70","74.90","70.78","19.07K","-4.65%"
"Mar 13, 2023","74.80","76.47","77.47","72.32","23.32K","-2.45%"
"Mar 10, 2023","76.68","75.63","77.10","74.78","15.69K","1.25%"
"Mar 09, 2023","75.72","76.50","78.03","75.45","11.88K","-1.21%"
"Mar 08, 2023","76.65","77.28","77.75","76.13","12.27K","-1.19%"
"Mar 07, 2023","77.57","80.47","80.93","77.07","16.52K","-3.57%"
"Mar 06, 2023","80.45","79.68","80.63","78.32","11.59K","0.97%"
"Mar 03, 2023","79.68","77.80","79.93","75.85","17.06K","1.95%"
"Mar 02, 2023","78.15","77.78","78.57","77.22","11.20K","0.58%"
"Mar 01, 2023","77.70","76.80","77.85","76.13","14.71K","0.84%"
"Feb 28, 2023","77.05","75.70","77.82","75.55","11.20K","1.82%"
"Feb 27, 2023","75.68","76.32","76.90","74.97","11.96K","-0.85%"
"Feb 24, 2023","76.32","75.60","76.63","74.10","13.96K","1.23%"
"Feb 23, 2023","75.40","73.97","75.97","73.82","11.79K","1.96%"
"Feb 22, 2023","73.95","76.13","76.55","73.80","11.63K","-3.14%"
"Feb 21, 2023","76.35","76.72","77.75","75.93","18.19K","0.01%"
"Feb 17, 2023","76.34","78.25","78.25","75.07","0.78K","-2.75%"
"Feb 16, 2023","78.50","78.50","79.53","77.93","2.48K","-0.13%"
"Feb 15, 2023","78.60","78.82","79.18","77.25","10.12K","-0.57%"
"Feb 14, 2023","79.05","79.13","79.63","77.47","10.90K","-1.37%"
"Feb 13, 2023","80.15","80.03","80.60","78.45","10.01K","0.53%"
"Feb 10, 2023","79.72","77.60","80.32","77.45","13.41K","2.15%"
"Feb 09, 2023","78.05","78.47","78.85","76.53","13.17K","-0.54%"
"Feb 08, 2023","78.47","77.53","78.57","77.07","12.73K","1.72%"
"Feb 07, 2023","77.15","74.50","77.60","74.35","15.38K","4.12%"
"Feb 06, 2023","74.10","73.32","74.53","72.25","13.63K","0.95%"
"Feb 03, 2023","73.40","76.00","78.00","73.10","16.85K","-3.26%"
"Feb 02, 2023","75.88","76.72","77.22","74.95","13.57K","-0.69%"
"Feb 01, 2023","76.40","79.03","79.72","76.05","13.30K","-3.14%"
"Jan 31, 2023","78.88","77.95","79.25","76.55","13.48K","1.25%"
"Jan 30, 2023","77.90","79.93","80.47","77.68","15.21K","-2.23%"
"Jan 27, 2023","79.68","81.25","82.50","79.05","16.63K","-1.64%"
"Jan 26, 2023","81.00","80.45","82.13","79.93","14.06K","1.06%"
"Jan 25, 2023","80.15","80.22","81.22","79.45","13.88K","0.03%"
"Jan 24, 2023","80.13","81.60","82.20","79.68","14.28K","-1.84%"
"Jan 23, 2023","81.63","81.80","82.63","81.07","12.55K","-0.03%"
"Jan 20, 2023","81.65","80.93","81.93","79.93","13.90K","1.64%"
"Jan 19, 2023","80.33","79.15","81.05","78.20","0.34K","1.08%"
"Jan 18, 2023","79.47","81.05","82.38","79.05","2.65K","-0.87%"
"Jan 17, 2023","80.18","80.15","81.22","78.55","18.99K","0.41%"
"Jan 13, 2023","79.85","78.30","80.13","77.97","13.58K","1.85%"
"Jan 12, 2023","78.40","77.68","79.15","77.10","15.70K","1.29%"
"Jan 11, 2023","77.40","74.68","77.82","74.30","18.93K","3.03%"
"Jan 10, 2023","75.13","74.75","75.93","73.85","16.10K","0.67%"
"Jan 09, 2023","74.63","73.70","76.72","73.53","16.27K","1.15%"
"Jan 06, 2023","73.78","73.85","75.45","73.25","16.45K","0.14%"
"Jan 05, 2023","73.68","73.18","74.93","72.47","16.98K","1.13%"
"Jan 04, 2023","72.85","77.40","77.40","72.75","19.97K","-5.30%"
"Jan 03, 2023","76.93","80.53","81.50","76.63","21.26K","-4.14%"
"Dec 30, 2022","80.25","78.72","80.57","77.72","14.92K","2.36%"
"Dec 29, 2022","78.40","78.80","78.82","76.80","14.06K","-0.70%"
"Dec 28, 2022","78.95","79.93","79.93","77.32","15.31K","-0.72%"
"Dec 27, 2022","79.53","79.88","81.18","79.20","14.12K","-0.03%"
"Dec 23, 2022","79.55","78.25","80.32","78.00","12.81K","2.65%"
"Dec 22, 2022","77.50","78.28","79.90","77.03","14.75K","-1.02%"
"Dec 21, 2022","78.30","76.00","78.63","75.78","14.18K","2.72%"
"Dec 20, 2022","76.22","75.80","76.95","74.47","15.87K","1.38%"
"Dec 19, 2022","75.19","74.28","76.05","73.82","0.44K","1.20%"
"Dec 16, 2022","74.30","76.47","76.50","73.32","2.14K","-2.37%"
"Dec 15, 2022","76.10","77.43","77.78","75.35","15.31K","-1.52%"
"Dec 14, 2022","77.28","75.25","77.72","74.90","18.09K","2.49%"
"Dec 13, 2022","75.40","73.20","76.38","73.20","19.06K","3.04%"
"Dec 12, 2022","73.18","71.75","74.00","70.25","16.79K","3.03%"
"Dec 09, 2022","71.03","71.88","72.90","70.07","19.80K","-0.59%"
"Dec 08, 2022","71.45","72.40","75.43","71.13","22.90K","-0.76%"
"Dec 07, 2022","72.00","74.60","75.38","71.78","20.85K","-3.03%"
"Dec 06, 2022","74.25","77.30","77.88","73.40","20.58K","-3.48%"
"Dec 05, 2022","76.93","80.03","82.72","76.78","21.68K","-3.81%"
"Dec 02, 2022","79.97","81.43","82.20","79.63","15.17K","-1.54%"
"Dec 01, 2022","81.22","80.50","83.32","79.95","15.62K","0.84%"
"Nov 30, 2022","80.55","79.05","81.40","78.40","16.71K","3.01%"
"Nov 29, 2022","78.20","76.53","79.63","76.28","25.19K","1.23%"
"Nov 28, 2022","77.25","76.03","77.85","73.57","22.42K","1.28%"
"Nov 25, 2022","76.28","77.50","79.88","76.22","19.46K","-2.15%"
"Nov 23, 2022","77.95","81.13","81.95","76.85","20.35K","-3.71%"
"Nov 22, 2022","80.95","80.20","82.35","79.88","14.54K","1.12%"
"Nov 21, 2022","80.05","80.30","80.47","75.25","28.48K","-0.04%"
"Nov 18, 2022","80.08","82.20","82.57","77.22","0.65K","-1.92%"
"Nov 17, 2022","81.65","85.22","85.38","81.45","2.39K","-4.61%"
"Nov 16, 2022","85.60","86.90","87.50","84.20","15.84K","-1.52%"
"Nov 15, 2022","86.93","85.35","88.68","84.07","20.92K","1.22%"
"Nov 14, 2022","85.88","88.85","89.85","85.15","17.46K","-3.46%"
"Nov 11, 2022","88.95","86.22","90.07","86.20","14.38K","2.86%"
"Nov 10, 2022","86.47","85.72","87.35","84.72","18.40K","0.76%"
"Nov 09, 2022","85.82","88.55","89.20","85.53","16.41K","-3.46%"
"Nov 08, 2022","88.90","91.78","92.15","88.53","14.37K","-3.16%"
"Nov 07, 2022","91.80","91.20","93.75","90.43","15.82K","-0.86%"
"Nov 04, 2022","92.60","87.88","92.90","87.85","21.82K","5.02%"
"Nov 03, 2022","88.18","89.40","89.65","87.60","17.15K","-2.03%"
"Nov 02, 2022","90.00","88.70","90.35","87.75","19.02K","1.84%"
"Nov 01, 2022","88.38","86.47","89.45","85.93","19.82K","2.14%"
"Oct 31, 2022","86.53","88.35","88.65","85.30","19.80K","-1.56%"
"Oct 28, 2022","87.90","88.65","88.75","87.10","16.22K","-1.32%"
"Oct 27, 2022","89.07","88.28","89.80","87.32","16.82K","1.34%"
"Oct 26, 2022","87.90","85.07","88.43","84.18","18.16K","3.02%"
"Oct 25, 2022","85.32","84.85","86.05","83.07","16.37K","0.89%"
"Oct 24, 2022","84.57","84.97","85.90","82.65","19.06K","-0.56%"
"Oct 21, 2022","85.05","85.00","85.90","83.15","22.67K","0.65%"
"Oct 20, 2022","84.50","84.97","87.15","84.18","21.56K","-1.23%"
"Oct 19, 2022","85.55","83.63","86.25","82.95","0.17K","3.29%"
"Oct 18, 2022","82.82","85.85","86.53","82.10","2.28K","-3.07%"
"Oct 17, 2022","85.45","85.55","87.10","84.63","16.74K","-0.18%"
"Oct 14, 2022","85.60","89.30","89.72","85.20","19.13K","-3.93%"
"Oct 13, 2022","89.10","87.03","89.65","85.57","23.45K","2.09%"
"Oct 12, 2022","87.28","88.50","90.07","86.28","23.46K","-2.32%"
"Oct 11, 2022","89.35","91.13","91.35","87.90","24.89K","-1.95%"
"Oct 10, 2022","91.13","93.47","93.75","90.55","20.00K","-1.65%"
"Oct 07, 2022","92.65","88.78","93.40","88.03","23.27K","4.75%"
"Oct 06, 2022","88.45","88.07","89.05","87.03","17.74K","0.80%"
"Oct 05, 2022","87.75","86.43","88.45","85.40","25.44K","1.42%"
"Oct 04, 2022","86.53","83.50","86.97","83.25","20.33K","3.47%"
"Oct 03, 2022","83.63","81.00","84.57","81.00","23.88K","5.19%"
"Sep 30, 2022","79.50","81.60","82.57","79.15","24.75K","-2.12%"
"Sep 29, 2022","81.22","81.95","82.95","80.35","23.92K","-1.13%"
"Sep 28, 2022","82.15","78.22","82.32","76.53","28.75K","4.65%"
"Sep 27, 2022","78.50","76.45","79.50","76.43","22.73K","2.35%"
"Sep 26, 2022","76.70","79.07","80.32","76.28","27.57K","-2.60%"
"Sep 23, 2022","78.75","83.63","83.93","78.10","26.06K","-5.69%"
"Sep 22, 2022","83.50","83.35","86.00","82.43","25.25K","0.66%"
"Sep 21, 2022","82.95","84.22","86.70","82.47","31.21K","-1.19%"
"Sep 20, 2022","83.95","84.88","86.15","83.00","23.83K","-2.08%"
"Sep 19, 2022","85.73","85.30","86.20","82.18","0.36K","0.74%"
"Sep 16, 2022","85.10","85.07","86.60","84.30","2.46K","0.00%"
"Sep 15, 2022","85.10","88.97","89.15","84.55","26.02K","-3.81%"
"Sep 14, 2022","88.47","87.63","90.18","86.20","26.01K","1.35%"
"Sep 13, 2022","87.30","88.07","89.30","85.07","34.87K","-0.54%"
"Sep 12, 2022","87.78","86.20","89.07","85.18","21.79K","1.12%"
"Sep 09, 2022","86.80","82.95","87.20","82.78","21.65K","3.89%"
"Sep 08, 2022","83.55","81.90","84.25","81.18","28.15K","1.95%"
"Sep 07, 2022","81.95","86.75","87.75","81.55","33.90K","-5.67%"
"Sep 06, 2022","86.88","86.85","90.38","86.18","42.78K","0.00%"
"Sep 02, 2022","86.88","86.47","89.68","86.35","29.54K","0.32%"
"Sep 01, 2022","86.60","88.85","89.60","86.00","30.56K","-3.29%"
"Aug 31, 2022","89.55","92.22","92.72","88.25","31.65K","-2.29%"
"Aug 30, 2022","91.65","96.97","97.65","90.55","33.71K","-5.52%"
"Aug 29, 2022","97.00","92.93","97.38","92.30","23.45K","4.25%"
"Aug 26, 2022","93.05","93.07","94.00","91.07","24.13K","0.57%"
"Aug 25, 2022","92.53","95.28","95.75","92.30","23.80K","-2.50%"
"Aug 24, 2022","94.90","93.70","95.50","92.80","28.30K","1.23%"
"Aug 23, 2022","93.75","90.50","94.38","90.50","20.60K","3.76%"
"Aug 22, 2022","90.35","89.50","91.03","86.30","31.29K","-0.46%"
"Aug 19, 2022","90.77","90.50","92.00","88.43","0.33K","0.30%"
"Aug 18, 2022","90.50","87.38","91.43","87.35","3.24K","2.72%"
"Aug 17, 2022","88.10","87.03","89.15","85.88","20.24K","1.82%"
"Aug 16, 2022","86.53","88.00","90.63","85.75","27.76K","-3.22%"
"Aug 15, 2022","89.40","91.85","92.10","86.82","25.55K","-2.93%"
"Aug 12, 2022","92.10","94.05","94.82","91.18","23.61K","-2.38%"
"Aug 11, 2022","94.35","91.40","95.05","91.25","22.54K","2.64%"
"Aug 10, 2022","91.93","90.57","92.40","87.68","30.89K","1.57%"
"Aug 09, 2022","90.50","90.72","92.65","89.05","26.61K","-0.28%"
"Aug 08, 2022","90.75","88.50","90.90","87.25","26.82K","1.97%"
"Aug 05, 2022","89.00","87.93","90.75","87.03","24.71K","0.51%"
"Aug 04, 2022","88.55","90.80","91.88","87.57","28.52K","-2.32%"
"Aug 03, 2022","90.65","94.05","96.55","90.40","32.79K","-4.00%"
"Aug 02, 2022","94.43","94.00","96.43","92.60","33.81K","0.56%"
"Aug 01, 2022","93.90","98.18","98.72","92.43","32.78K","-4.79%"
"Jul 29, 2022","98.63","97.20","101.88","96.40","26.57K","2.28%"
"Jul 28, 2022","96.43","97.93","99.85","96.05","27.10K","-0.85%"
"Jul 27, 2022","97.25","95.68","98.57","94.32","27.77K","2.40%"
"Jul 26, 2022","94.97","96.22","99.00","94.80","26.08K","-1.78%"
"Jul 25, 2022","96.70","94.90","96.95","93.00","27.19K","2.11%"
"Jul 22, 2022","94.70","96.47","97.97","94.25","27.97K","-1.71%"
"Jul 21, 2022","96.35","99.90","99.93","94.57","29.91K","-3.53%"
"Jul 20, 2022","99.88","100.38","100.70","98.18","25.24K","-4.17%"
"Jul 19, 2022","104.22","101.95","104.25","99.85","0.29K","1.58%"
"Jul 18, 2022","102.60","97.75","102.80","95.88","3.67K","5.12%"
"Jul 15, 2022","97.60","96.40","99.05","94.60","27.56K","1.91%"
"Jul 14, 2022","95.78","96.10","97.00","90.57","36.28K","-0.55%"
"Jul 13, 2022","96.30","95.93","97.97","93.53","33.13K","0.47%"
"Jul 12, 2022","95.85","103.28","103.40","95.38","34.84K","-7.93%"
"Jul 11, 2022","104.10","104.85","105.03","100.88","31.77K","-0.67%"
"Jul 08, 2022","104.80","102.35","105.25","101.55","32.55K","2.02%"
"Jul 07, 2022","102.72","98.20","104.47","96.60","30.70K","4.26%"
"Jul 06, 2022","98.53","100.32","102.13","95.13","38.39K","-0.98%"
"Jul 05, 2022","99.50","108.88","111.43","97.43","54.36K","-8.23%"
"Jul 01, 2022","108.43","106.10","109.32","104.55","24.65K","2.53%"
"Jun 30, 2022","105.75","109.38","110.45","105.10","27.94K","-3.67%"
"Jun 29, 2022","109.78","111.78","114.05","109.20","23.88K","-1.77%"
"Jun 28, 2022","111.75","110.00","112.20","109.65","22.49K","1.98%"
"Jun 27, 2022","109.57","107.32","110.53","105.60","24.33K","1.81%"
"Jun 24, 2022","107.63","104.03","108.55","103.65","22.66K","3.21%"
"Jun 23, 2022","104.28","104.32","107.05","102.35","26.22K","-1.81%"
"Jun 22, 2022","106.20","109.70","109.75","101.53","35.22K","-3.04%"
"Jun 21, 2022","109.53","108.82","111.18","106.80","36.05K","-0.03%"
"Jun 17, 2022","109.56","117.30","118.80","108.32","0.52K","-6.84%"
"Jun 16, 2022","117.60","115.97","118.05","112.35","5.67K","1.99%"
"Jun 15, 2022","115.30","119.00","119.60","114.60","22.84K","-3.05%"
"Jun 14, 2022","118.93","120.78","123.68","116.65","20.69K","-1.65%"
"Jun 13, 2022","120.93","120.20","122.25","117.47","22.57K","0.21%"
"Jun 10, 2022","120.68","121.30","122.78","118.35","19.21K","-0.68%"
"Jun 09, 2022","121.50","122.63","122.70","120.80","14.13K","-0.49%"
"Jun 08, 2022","122.10","119.85","123.15","119.30","17.92K","2.26%"
"Jun 07, 2022","119.40","119.35","120.35","117.15","17.96K","0.76%"
"Jun 06, 2022","118.50","120.75","120.95","117.65","16.40K","-0.32%"
"Jun 03, 2022","118.88","117.50","120.45","115.22","17.51K","1.71%"
"Jun 02, 2022","116.88","114.90","117.78","111.22","26.62K","1.41%"
"Jun 01, 2022","115.25","115.22","117.88","114.60","17.87K","0.50%"
"May 31, 2022","114.68","114.88","119.97","114.18","35.58K","-0.35%"
"May 27, 2022","115.07","114.32","115.28","112.85","15.85K","0.85%"
"May 26, 2022","114.10","110.57","114.82","110.30","15.43K","3.42%"
"May 25, 2022","110.32","110.28","111.68","109.22","15.62K","0.50%"
"May 24, 2022","109.78","110.43","111.40","108.63","17.59K","-0.48%"
"May 23, 2022","110.30","110.90","111.93","109.15","17.80K","0.02%"
"May 20, 2022","110.28","109.13","111.05","108.13","21.00K","-1.72%"
"May 19, 2022","112.21","109.40","111.90","105.13","0.73K","2.38%"
"May 18, 2022","109.60","113.70","115.38","108.45","3.81K","-2.49%"
"May 17, 2022","112.40","113.60","115.55","111.75","20.57K","-1.58%"
"May 16, 2022","114.20","110.85","114.90","108.10","25.63K","3.35%"
"May 13, 2022","110.50","106.45","110.63","106.30","18.81K","4.12%"
"May 12, 2022","106.13","105.78","107.38","102.68","23.86K","0.40%"
"May 11, 2022","105.70","99.15","106.43","98.25","26.81K","5.96%"
"May 10, 2022","99.75","102.63","104.18","98.88","31.50K","-3.25%"
"May 09, 2022","103.10","110.35","110.40","102.13","31.03K","-6.08%"
"May 06, 2022","109.78","108.63","111.18","107.25","21.63K","1.41%"
"May 05, 2022","108.25","107.60","111.38","106.47","27.63K","0.42%"
"May 04, 2022","107.80","103.57","108.63","102.97","21.88K","5.26%"
"May 03, 2022","102.41","105.00","105.80","102.10","19.00K","-2.63%"
"May 02, 2022","105.18","104.00","105.93","100.28","24.63K","0.45%"
"Apr 29, 2022","104.70","105.07","107.97","103.80","27.78K","-0.62%"
"Apr 28, 2022","105.35","102.25","105.68","100.15","22.66K","3.26%"
"Apr 27, 2022","102.03","101.53","102.97","99.75","23.20K","0.32%"
"Apr 26, 2022","101.70","98.57","102.80","97.05","29.52K","3.20%"
"Apr 25, 2022","98.55","101.57","101.57","95.30","30.36K","-3.45%"
"Apr 22, 2022","102.07","104.03","104.20","101.03","17.78K","-1.66%"
"Apr 21, 2022","103.80","102.43","105.43","102.03","21.13K","1.57%"
"Apr 20, 2022","102.20","102.45","103.95","99.90","22.41K","-0.35%"
"Apr 19, 2022","102.56","107.70","108.88","102.30","0.56K","-5.21%"
"Apr 18, 2022","108.20","107.15","109.78","106.03","2.19K","1.17%"
"Apr 14, 2022","106.95","104.22","107.63","102.15","21.15K","2.59%"
"Apr 13, 2022","104.25","101.03","104.45","99.88","27.94K","3.63%"
"Apr 12, 2022","100.60","95.25","101.35","94.88","26.58K","6.68%"
"Apr 11, 2022","94.30","98.25","98.47","92.93","26.71K","-4.02%"
"Apr 08, 2022","98.25","96.72","98.75","95.30","28.83K","2.32%"
"Apr 07, 2022","96.03","96.82","98.80","93.82","25.60K","-0.21%"
"Apr 06, 2022","96.22","101.28","104.03","95.75","30.72K","-5.62%"
"Apr 05, 2022","101.95","103.55","105.57","99.88","27.24K","-1.28%"
"Apr 04, 2022","103.28","99.03","103.95","98.07","28.01K","4.03%"
"Apr 01, 2022","99.28","101.22","101.75","97.80","26.33K","-1.00%"
"Mar 31, 2022","100.28","107.53","107.82","99.70","42.94K","-7.00%"
"Mar 30, 2022","107.82","104.95","108.75","104.57","24.59K","3.43%"
"Mar 29, 2022","104.25","103.57","107.82","98.47","49.80K","-1.60%"
"Mar 28, 2022","105.95","112.95","112.95","102.85","35.00K","-6.98%"
"Mar 25, 2022","113.90","111.70","114.13","108.68","40.68K","1.38%"
"Mar 24, 2022","112.35","114.60","116.63","110.60","36.98K","-2.24%"
"Mar 23, 2022","114.93","108.93","115.45","108.38","33.65K","5.17%"
"Mar 22, 2022","109.28","111.03","113.35","107.13","42.14K","-2.54%"
"Mar 21, 2022","112.12","105.10","111.18","104.38","0.26K","7.09%"
"Mar 18, 2022","104.70","103.65","106.25","102.38","2.54K","1.68%"
"Mar 17, 2022","102.97","95.32","104.25","94.88","30.32K","8.34%"
"Mar 16, 2022","95.05","94.97","99.22","94.07","35.54K","-1.45%"
"Mar 15, 2022","96.45","102.18","102.53","93.53","46.09K","-6.36%"
"Mar 14, 2022","103.00","109.30","109.35","99.78","35.43K","-5.79%"
"Mar 11, 2022","109.32","106.03","110.28","104.47","42.24K","3.11%"
"Mar 10, 2022","106.03","110.47","114.85","105.47","54.02K","-2.46%"
"Mar 09, 2022","108.70","124.55","126.82","103.50","58.06K","-12.13%"
"Mar 08, 2022","123.70","120.68","129.45","117.10","67.44K","3.60%"
"Mar 07, 2022","119.40","118.28","129.98","115.50","50.64K","3.22%"
"Mar 04, 2022","115.68","107.97","116.05","107.25","44.16K","7.43%"
"Mar 03, 2022","107.68","110.97","116.53","106.47","82.77K","-2.64%"
"Mar 02, 2022","110.60","107.07","112.53","105.18","77.55K","6.96%"
"Mar 01, 2022","103.40","96.07","106.78","95.32","59.50K","8.02%"
"Feb 28, 2022","95.72","94.60","99.07","94.43","30.94K","4.50%"
"Feb 25, 2022","91.60","93.28","95.65","90.05","36.45K","-1.29%"
"Feb 24, 2022","92.80","92.50","100.53","91.47","55.15K","0.76%"
"Feb 23, 2022","92.10","91.65","93.90","90.65","28.64K","0.22%"
"Feb 22, 2022","91.90","91.18","94.93","89.10","62.81K","0.91%"
"Feb 18, 2022","91.07","91.78","92.68","89.03","0.57K","-0.74%"
"Feb 17, 2022","91.75","90.95","93.35","90.50","7.23K","-2.03%"
"Feb 16, 2022","93.65","92.07","95.03","89.95","28.43K","1.71%"
"Feb 15, 2022","92.07","94.80","95.18","90.68","28.43K","-3.54%"
"Feb 14, 2022","95.45","93.93","95.80","92.10","30.09K","2.52%"
"Feb 11, 2022","93.10","89.95","94.65","89.20","33.60K","3.59%"
"Feb 10, 2022","89.88","90.03","91.75","89.03","23.87K","0.25%"
"Feb 09, 2022","89.65","89.88","90.57","88.43","19.65K","0.34%"
"Feb 08, 2022","89.35","91.57","91.63","88.50","22.91K","-2.16%"
"Feb 07, 2022","91.32","91.85","92.72","90.75","25.16K","-1.06%"
"Feb 04, 2022","92.30","90.28","93.18","90.07","23.27K","2.24%"
"Feb 03, 2022","90.28","87.85","90.45","86.75","22.32K","2.29%"
"Feb 02, 2022","88.25","88.25","89.72","87.13","22.36K","0.06%"
"Feb 01, 2022","88.20","88.20","88.88","86.57","20.10K","0.06%"
"Jan 31, 2022","88.15","87.45","88.40","86.35","15.66K","1.53%"
"Jan 28, 2022","86.82","87.47","88.85","86.45","22.26K","0.26%"
"Jan 27, 2022","86.60","87.40","88.55","86.20","23.34K","-0.86%"
"Jan 26, 2022","87.35","85.18","87.95","85.03","22.55K","2.04%"
"Jan 25, 2022","85.60","84.25","85.70","83.00","23.44K","2.76%"
"Jan 24, 2022","83.30","85.05","86.10","81.90","25.11K","-2.17%"
"Jan 21, 2022","85.15","84.45","85.57","82.78","23.64K","-0.47%"
"Jan 20, 2022","85.55","85.10","87.10","84.20","20.77K","-1.62%"
"Jan 19, 2022","86.96","86.47","87.90","85.78","0.53K","1.80%"
"Jan 18, 2022","85.43","84.43","86.63","83.50","5.33K","1.91%"
"Jan 14, 2022","83.82","81.70","84.47","81.57","17.44K","2.07%"
"Jan 13, 2022","82.13","82.72","82.93","81.40","14.26K","-0.64%"
"Jan 12, 2022","82.65","81.35","83.10","81.18","16.24K","1.75%"
"Jan 11, 2022","81.22","78.47","81.57","78.38","18.27K","3.84%"
"Jan 10, 2022","78.22","78.80","79.45","77.85","16.93K","-0.86%"
"Jan 07, 2022","78.90","79.60","80.47","78.53","17.34K","-0.69%"
"Jan 06, 2022","79.45","77.22","80.22","76.72","20.31K","2.06%"
"Jan 05, 2022","77.85","77.20","78.57","76.50","16.44K","1.10%"
"Jan 04, 2022","77.00","76.00","77.63","75.70","16.59K","1.22%"
"Jan 03, 2022","76.07","75.70","76.45","74.28","14.22K","1.16%"
"Dec 31, 2021","75.20","76.60","77.07","74.97","13.19K","-2.34%"
"Dec 30, 2021","77.00","76.60","77.45","75.78","10.78K","0.59%"
"Dec 29, 2021","76.55","76.10","77.38","75.35","12.99K","0.76%"
"Dec 28, 2021","75.97","76.00","76.90","75.53","12.01K","0.53%"
"Dec 27, 2021","75.57","73.47","76.07","72.57","13.09K","2.41%"
"Dec 23, 2021","73.80","73.07","73.97","72.28","12.59K","1.44%"
"Dec 22, 2021","72.75","71.28","73.30","70.82","13.97K","2.28%"
"Dec 21, 2021","71.13","69.15","71.65","68.55","17.36K","3.68%"
"Dec 20, 2021","68.60","69.80","69.80","66.13","26.42K","-3.19%"
"Dec 17, 2021","70.86","71.93","72.20","69.90","0.51K","-2.09%"
"Dec 16, 2021","72.38","71.25","72.97","70.78","2.96K","2.12%"
"Dec 15, 2021","70.88","70.30","71.65","69.40","14.84K","0.21%"
"Dec 14, 2021","70.72","71.18","72.03","69.50","18.77K","-0.81%"
"Dec 13, 2021","71.30","72.00","73.00","70.70","17.47K","-0.52%"
"Dec 10, 2021","71.68","70.68","72.32","70.32","17.52K","1.02%"
"Dec 09, 2021","70.95","72.53","73.32","70.38","17.32K","-1.94%"
"Dec 08, 2021","72.35","71.85","73.00","70.90","25.56K","0.42%"
"Dec 07, 2021","72.05","69.82","73.05","69.65","24.84K","3.67%"
"Dec 06, 2021","69.50","66.90","70.13","66.82","23.38K","4.91%"
"Dec 03, 2021","66.25","67.40","69.20","65.60","28.41K","-0.38%"
"Dec 02, 2021","66.50","65.55","67.47","62.30","35.34K","1.41%"
"Dec 01, 2021","65.57","67.00","69.50","64.85","44.29K","-0.91%"
"Nov 30, 2021","66.18","70.07","71.22","64.43","53.91K","-5.40%"
"Nov 29, 2021","69.95","69.03","72.90","68.85","42.03K","2.64%"
"Nov 26, 2021","68.15","78.32","78.65","67.38","69.83K","-13.07%"
"Nov 24, 2021","78.40","78.47","79.20","77.97","21.92K","-0.13%"
"Nov 23, 2021","78.50","76.47","78.90","75.30","26.39K","2.28%"
"Nov 22, 2021","76.75","75.72","77.15","74.72","32.54K","1.05%"
"Nov 19, 2021","75.95","78.25","79.32","75.10","31.36K","-3.87%"
"Nov 18, 2021","79.01","78.43","79.40","77.07","0.48K","0.84%"
"Nov 17, 2021","78.35","80.55","80.65","77.72","3.77K","-2.97%"
"Nov 16, 2021","80.75","80.93","81.80","80.03","15.21K","-0.15%"
"Nov 15, 2021","80.88","80.60","81.20","79.30","14.92K","0.09%"
"Nov 12, 2021","80.80","81.20","81.60","79.78","19.61K","-0.98%"
"Nov 11, 2021","81.60","81.43","82.32","80.20","21.71K","0.31%"
"Nov 10, 2021","81.35","84.55","84.97","80.80","23.71K","-3.33%"
"Nov 09, 2021","84.15","82.13","84.63","81.78","18.39K","2.72%"
"Nov 08, 2021","81.93","81.15","82.68","81.15","16.72K","0.80%"
"Nov 05, 2021","81.28","79.40","81.78","78.97","24.49K","3.14%"
"Nov 04, 2021","78.80","80.20","83.40","78.25","35.10K","-2.54%"
"Nov 03, 2021","80.85","83.05","83.05","79.70","23.65K","-3.64%"
"Nov 02, 2021","83.90","83.80","84.43","82.93","18.50K","-0.18%"
"Nov 01, 2021","84.05","83.38","84.88","82.75","16.92K","0.57%"
"Oct 29, 2021","83.57","83.05","83.75","81.43","19.32K","0.94%"
"Oct 28, 2021","82.80","82.25","83.22","80.60","21.41K","0.18%"
"Oct 27, 2021","82.65","84.40","84.50","82.00","20.37K","-2.36%"
"Oct 26, 2021","84.65","83.70","84.88","82.97","17.25K","1.07%"
"Oct 25, 2021","83.75","83.93","85.43","83.38","20.53K","0.00%"
"Oct 22, 2021","83.75","82.60","84.22","81.78","18.48K","1.52%"
"Oct 21, 2021","82.50","83.50","83.95","80.78","20.67K","-1.11%"
"Oct 20, 2021","83.43","82.45","83.65","80.78","18.70K","0.56%"
"Oct 19, 2021","82.96","82.50","83.75","81.80","1.19K","0.62%"
"Oct 18, 2021","82.45","82.78","83.85","81.85","4.05K","0.21%"
"Oct 15, 2021","82.28","81.40","82.63","81.10","13.01K","1.20%"
"Oct 14, 2021","81.30","80.57","81.68","80.38","14.23K","1.06%"
"Oct 13, 2021","80.45","80.53","81.05","79.40","17.61K","-0.25%"
"Oct 12, 2021","80.65","80.47","81.60","79.47","23.01K","0.15%"
"Oct 11, 2021","80.53","79.62","82.15","79.62","24.33K","1.49%"
"Oct 08, 2021","79.35","78.80","80.12","78.65","19.87K","1.34%"
"Oct 07, 2021","78.30","77.00","78.90","74.95","20.26K","1.14%"
"Oct 06, 2021","77.42","79.00","79.78","76.83","22.21K","-1.90%"
"Oct 05, 2021","78.92","77.55","79.47","77.47","15.85K","1.67%"
"Oct 04, 2021","77.62","75.95","78.38","75.30","18.50K","2.29%"
"Oct 01, 2021","75.88","75.15","75.97","74.25","14.64K","1.13%"
"Sep 30, 2021","75.03","74.70","76.05","73.12","21.66K","0.27%"
"Sep 29, 2021","74.83","74.33","75.78","73.72","13.97K","-0.62%"
"Sep 28, 2021","75.30","75.42","76.67","74.25","17.73K","-0.20%"
"Sep 27, 2021","75.45","74.15","75.75","74.15","14.52K","2.00%"
"Sep 24, 2021","73.97","73.15","74.25","72.83","11.67K","0.91%"
"Sep 23, 2021","73.30","71.90","73.50","71.62","12.57K","1.50%"
"Sep 22, 2021","72.22","70.80","72.30","70.65","11.77K","2.44%"
"Sep 21, 2021","70.50","70.47","71.47","69.40","13.14K","0.30%"
"Sep 20, 2021","70.29","71.90","71.95","69.92","0.78K","-2.33%"
"Sep 17, 2021","71.97","72.58","72.70","71.20","2.73K","-0.87%"
"Sep 16, 2021","72.60","72.65","72.97","71.55","10.74K","0.00%"
"Sep 15, 2021","72.60","70.72","73.15","70.65","12.91K","3.05%"
"Sep 14, 2021","70.45","70.65","71.20","70.00","10.94K","0.00%"
"Sep 13, 2021","70.45","69.67","70.97","69.50","13.02K","1.05%"
"Sep 10, 2021","69.72","67.88","69.95","67.70","12.95K","2.30%"
"Sep 09, 2021","68.15","69.33","69.88","67.58","19.71K","-1.66%"
"Sep 08, 2021","69.30","68.35","69.75","68.33","12.41K","1.39%"
"Sep 07, 2021","68.35","69.10","69.47","67.65","21.97K","-1.37%"
"Sep 03, 2021","69.30","69.72","70.53","69.10","12.87K","-1.00%"
"Sep 02, 2021","70.00","68.25","70.60","67.85","14.34K","2.04%"
"Sep 01, 2021","68.60","68.53","69.22","67.12","17.42K","0.15%"
"Aug 31, 2021","68.50","69.12","69.35","68.15","12.94K","-1.01%"
"Aug 30, 2021","69.20","69.28","69.65","67.67","15.08K","0.65%"
"Aug 27, 2021","68.75","67.75","69.05","67.53","15.15K","1.97%"
"Aug 26, 2021","67.42","68.00","68.30","67.03","17.98K","-1.36%"
"Aug 25, 2021","68.35","67.62","68.55","66.92","18.06K","1.18%"
"Aug 24, 2021","67.55","65.55","67.83","65.42","18.56K","2.89%"
"Aug 23, 2021","65.65","61.88","66.00","61.73","20.41K","5.63%"
"Aug 20, 2021","62.15","63.67","64.03","61.80","19.84K","-2.42%"
"Aug 19, 2021","63.69","64.53","64.72","62.62","0.59K","-2.69%"
"Aug 18, 2021","65.45","66.53","67.47","64.35","3.56K","-1.73%"
"Aug 17, 2021","66.60","67.38","67.70","66.35","15.10K","-1.04%"
"Aug 16, 2021","67.30","67.85","68.28","65.72","20.74K","-1.68%"
"Aug 13, 2021","68.45","68.95","69.22","67.78","13.10K","-0.94%"
"Aug 12, 2021","69.10","69.42","69.62","68.45","13.39K","-0.22%"
"Aug 11, 2021","69.25","68.40","69.45","66.67","24.69K","1.39%"
"Aug 10, 2021","68.30","66.83","68.90","66.58","20.23K","2.75%"
"Aug 09, 2021","66.47","67.85","67.85","65.12","28.12K","-2.65%"
"Aug 06, 2021","68.28","69.12","70.20","67.80","20.14K","-1.19%"
"Aug 05, 2021","69.10","68.03","69.35","67.60","19.50K","1.39%"
"Aug 04, 2021","68.15","70.30","70.80","67.85","27.19K","-3.40%"
"Aug 03, 2021","70.55","71.58","71.95","69.20","21.17K","-0.98%"
"Aug 02, 2021","71.25","73.88","73.92","70.55","20.82K","-3.65%"
"Jul 30, 2021","73.95","73.40","74.25","72.95","12.29K","0.45%"
"Jul 29, 2021","73.62","72.40","73.70","72.28","12.75K","1.69%"
"Jul 28, 2021","72.40","71.90","72.62","71.70","12.84K","1.05%"
"Jul 27, 2021","71.65","72.20","72.33","71.08","14.29K","-0.35%"
"Jul 26, 2021","71.90","72.17","72.42","70.58","16.74K","-0.25%"
"Jul 23, 2021","72.08","71.78","72.17","71.40","11.43K","0.25%"
"Jul 22, 2021","71.90","70.25","72.03","69.88","19.17K","2.28%"
"Jul 21, 2021","70.30","66.47","70.50","66.42","20.82K","4.61%"
"Jul 20, 2021","67.20","66.60","67.58","65.05","27.33K","1.17%"
"Jul 19, 2021","66.42","71.60","71.65","65.88","1.07K","-7.49%"
"Jul 16, 2021","71.80","71.45","72.30","70.40","9.03K","0.21%"
"Jul 15, 2021","71.65","72.90","72.95","71.42","14.47K","-2.01%"
"Jul 14, 2021","73.12","75.17","75.42","72.25","19.69K","-2.83%"
"Jul 13, 2021","75.25","74.20","75.50","73.67","12.65K","1.55%"
"Jul 12, 2021","74.10","74.70","74.95","73.17","13.43K","-0.60%"
"Jul 09, 2021","74.55","73.28","74.75","72.75","14.39K","2.19%"
"Jul 08, 2021","72.95","72.15","73.25","70.78","20.63K","1.04%"
"Jul 07, 2021","72.20","73.80","74.85","71.08","31.41K","-1.61%"
"Jul 06, 2021","73.38","75.25","76.97","72.92","37.17K","-2.36%"
"Jul 02, 2021","75.15","74.97","75.60","74.40","15.50K","-0.09%"
"Jul 01, 2021","75.22","73.47","76.22","73.40","30.80K","2.38%"
"Jun 30, 2021","73.47","73.45","74.15","72.83","14.97K","0.69%"
"Jun 29, 2021","72.97","72.80","73.80","71.97","15.20K","0.10%"
"Jun 28, 2021","72.90","74.05","74.42","72.62","14.30K","-1.55%"
"Jun 25, 2021","74.05","73.35","74.17","72.85","14.35K","1.02%"
"Jun 24, 2021","73.30","73.25","73.60","72.33","13.92K","0.30%"
"Jun 23, 2021","73.08","72.95","74.25","72.83","17.00K","0.32%"
"Jun 22, 2021","72.85","73.03","73.47","72.47","21.33K","-1.10%"
"Jun 21, 2021","73.66","71.65","73.95","71.22","1.10K","2.81%"
"Jun 18, 2021","71.65","71.05","72.15","70.17","6.59K","0.84%"
"Jun 17, 2021","71.05","71.60","72.30","69.78","17.23K","-1.52%"
"Jun 16, 2021","72.15","72.45","72.97","71.60","15.90K","0.04%"
"Jun 15, 2021","72.12","71.22","72.50","70.83","11.76K","1.75%"
"Jun 14, 2021","70.88","70.80","71.78","70.72","10.55K","-0.03%"
"Jun 11, 2021","70.90","70.12","71.22","69.67","15.28K","0.85%"
"Jun 10, 2021","70.30","69.75","70.65","68.70","18.16K","0.50%"
"Jun 09, 2021","69.95","70.03","70.67","69.45","15.15K","-0.14%"
"Jun 08, 2021","70.05","69.20","70.28","68.47","16.78K","1.20%"
"Jun 07, 2021","69.22","69.53","70.00","68.95","11.83K","-0.57%"
"Jun 04, 2021","69.62","68.95","69.75","68.35","12.52K","1.19%"
"Jun 03, 2021","68.80","68.65","69.40","68.17","15.07K","-0.04%"
"Jun 02, 2021","68.83","68.00","69.00","67.78","13.72K","1.64%"
"Jun 01, 2021","67.72","66.67","68.88","66.40","27.42K","2.10%"
"May 28, 2021","66.33","66.92","67.53","66.17","15.26K","-0.78%"
"May 27, 2021","66.85","66.15","66.92","65.47","14.11K","0.98%"
"May 26, 2021","66.20","66.00","66.45","65.25","16.26K","0.18%"
"May 25, 2021","66.08","66.00","66.50","65.40","18.68K","0.05%"
"May 24, 2021","66.05","63.85","66.15","63.65","16.65K","3.88%"
"May 21, 2021","63.58","61.92","64.08","61.58","20.60K","2.63%"
"May 20, 2021","61.95","63.35","63.95","61.67","24.07K","-2.23%"
"May 19, 2021","63.36","65.38","65.38","61.98","0.62K","-3.27%"
"May 18, 2021","65.50","66.38","67.00","64.10","8.63K","-1.18%"
"May 17, 2021","66.28","65.50","66.40","64.85","9.30K","1.38%"
"May 14, 2021","65.38","63.77","65.58","63.35","12.51K","2.43%"
"May 13, 2021","63.83","65.72","65.83","63.10","17.02K","-3.40%"
"May 12, 2021","66.08","65.45","66.62","64.95","16.52K","1.23%"
"May 11, 2021","65.28","64.90","65.47","63.67","17.40K","0.55%"
"May 10, 2021","64.92","65.55","65.75","63.95","15.53K","0.03%"
"May 07, 2021","64.90","64.90","65.22","63.92","16.37K","0.31%"
"May 06, 2021","64.70","65.30","65.97","64.50","15.31K","-1.40%"
"May 05, 2021","65.62","66.30","66.78","64.95","18.21K","-0.12%"
"May 04, 2021","65.70","64.47","66.20","64.30","15.16K","1.86%"
"May 03, 2021","64.50","63.60","64.65","62.92","12.92K","1.45%"
"Apr 30, 2021","63.58","65.00","65.00","63.08","17.62K","-2.18%"
"Apr 29, 2021","65.00","63.73","65.47","63.65","17.42K","1.80%"
"Apr 28, 2021","63.85","63.10","64.53","62.70","18.02K","1.43%"
"Apr 27, 2021","62.95","61.95","63.33","61.92","15.61K","1.70%"
"Apr 26, 2021","61.90","62.05","62.30","60.65","18.94K","-0.40%"
"Apr 23, 2021","62.15","61.70","62.42","61.25","14.78K","1.19%"
"Apr 22, 2021","61.42","61.05","61.88","60.62","16.36K","0.11%"
"Apr 21, 2021","61.35","62.40","62.58","60.88","19.30K","-2.11%"
"Apr 20, 2021","62.67","63.52","64.38","61.50","21.38K","-1.12%"
"Apr 19, 2021","63.38","63.08","63.60","62.65","0.48K","0.41%"
"Apr 16, 2021","63.12","63.27","63.88","62.83","4.52K","-0.52%"
"Apr 15, 2021","63.45","62.88","63.58","62.55","10.94K","0.48%"
"Apr 14, 2021","63.15","60.42","63.42","60.38","17.19K","4.95%"
"Apr 13, 2021","60.17","59.60","60.60","59.60","12.42K","0.79%"
"Apr 12, 2021","59.70","59.27","60.77","58.75","17.43K","0.62%"
"Apr 09, 2021","59.33","59.80","59.92","59.12","12.60K","-0.45%"
"Apr 08, 2021","59.60","59.55","59.92","58.85","16.64K","-0.28%"
"Apr 07, 2021","59.77","59.17","60.05","58.12","26.20K","0.74%"
"Apr 06, 2021","59.33","58.83","60.90","58.62","25.91K","1.16%"
"Apr 05, 2021","58.65","61.52","61.55","57.60","25.54K","-4.56%"
"Apr 01, 2021","61.45","59.58","61.75","58.88","-","3.89%"
"Mar 31, 2021","59.15","60.45","61.17","58.88","23.61K","-2.31%"
"Mar 30, 2021","60.55","62.00","62.27","59.95","22.11K","-1.62%"
"Mar 29, 2021","61.55","60.98","61.75","59.42","28.19K","0.93%"
"Mar 26, 2021","60.98","58.40","61.38","58.33","21.99K","4.15%"
"Mar 25, 2021","58.55","60.77","60.85","57.45","32.50K","-4.28%"
"Mar 24, 2021","61.17","57.40","61.35","57.33","29.09K","5.92%"
"Mar 23, 2021","57.75","61.25","61.35","57.27","33.20K","-6.17%"
"Mar 22, 2021","61.55","61.58","62.05","60.35","18.53K","0.21%"
"Mar 19, 2021","61.42","59.62","61.67","58.95","0.58K","2.37%"
"Mar 18, 2021","60.00","64.42","64.83","58.25","10.08K","-7.12%"
"Mar 17, 2021","64.60","64.83","65.35","63.60","11.41K","-0.31%"
"Mar 16, 2021","64.80","65.45","65.45","63.80","10.87K","-0.92%"
"Mar 15, 2021","65.40","65.55","66.40","64.12","12.91K","-0.30%"
"Mar 12, 2021","65.60","65.92","66.22","65.40","10.36K","-0.65%"
"Mar 11, 2021","66.03","64.67","66.20","64.53","14.68K","2.45%"
"Mar 10, 2021","64.45","63.85","64.95","63.10","20.27K","0.70%"
"Mar 09, 2021","64.00","64.75","65.97","63.60","19.01K","-1.61%"
"Mar 08, 2021","65.05","66.75","67.97","64.55","21.00K","-1.59%"
"Mar 05, 2021","66.10","64.12","66.40","63.83","19.44K","3.56%"
"Mar 04, 2021","63.83","61.17","64.88","60.52","30.55K","4.18%"
"Mar 03, 2021","61.27","59.60","61.98","59.23","18.97K","2.54%"
"Mar 02, 2021","59.75","60.25","61.20","59.30","17.63K","-1.48%"
"Mar 01, 2021","60.65","61.90","62.92","59.98","19.11K","-1.38%"
"Feb 26, 2021","61.50","63.42","63.55","61.35","19.38K","-3.18%"
"Feb 25, 2021","63.52","63.45","63.80","62.65","18.49K","0.46%"
"Feb 24, 2021","63.23","61.25","63.52","60.98","18.26K","2.53%"
"Feb 23, 2021","61.67","62.17","63.00","60.65","18.98K","-0.05%"
"Feb 22, 2021","61.70","58.80","62.23","58.80","17.33K","1.95%"
"Feb 18, 2021","60.52","61.50","62.27","59.75","5.96K","-1.03%"
"Feb 17, 2021","61.15","60.20","61.73","59.42","10.59K","1.83%"
"Feb 16, 2021","60.05","59.98","60.95","59.33","16.21K","0.96%"
"Feb 12, 2021","59.48","57.92","59.83","57.40","11.36K","2.11%"
"Feb 11, 2021","58.25","58.38","58.70","57.83","7.24K","-0.72%"
"Feb 10, 2021","58.67","58.45","58.90","58.05","10.20K","0.55%"
"Feb 09, 2021","58.35","58.12","58.60","57.27","11.34K","0.64%"
"Feb 08, 2021","57.98","57.08","58.15","57.02","8.49K","1.99%"
"Feb 05, 2021","56.85","56.48","57.27","56.42","8.59K","1.10%"
"Feb 04, 2021","56.23","55.95","56.58","55.30","9.63K","0.95%"
"Feb 03, 2021","55.70","55.10","56.35","54.80","10.54K","1.74%"
"Feb 02, 2021","54.75","53.48","55.25","53.45","11.30K","2.24%"
"Feb 01, 2021","53.55","52.00","53.73","51.65","11.51K","2.59%"
"Jan 29, 2021","52.20","52.20","53.25","51.92","10.32K","-0.29%"
"Jan 28, 2021","52.35","52.60","53.58","52.05","10.05K","-0.95%"
"Jan 27, 2021","52.85","52.80","53.30","51.85","10.38K","0.48%"